Item,Date,Price
Butter,01/02/2013,2.73653
Butter,01/03/2013,2.693421
Butter,01/04/2013,2.836916
Butter,01/05/2013,2.77136
Butter,01/06/2013,2.801044
Butter,01/07/2013,2.716201
Butter,01/08/2013,2.80587
Butter,01/09/2013,2.812217
Butter,01/10/2013,2.840727
Butter,01/11/2013,2.744846
Butter,01/12/2013,2.787401
Butter,01/01/2014,2.807031
Butter,01/02/2014,3.077149
Butter,01/03/2014,3.035537
Butter,01/04/2014,2.989739
Butter,01/05/2014,2.990129
Butter,01/06/2014,3.048485
Butter,01/07/2014,3.013462
Butter,01/08/2014,3.008
Butter,01/09/2014,2.964596
Butter,01/10/2014,3.036352
Butter,01/11/2014,2.950213
Butter,01/12/2014,3.042936
Butter,01/01/2015,2.901515
Butter,01/02/2015,2.94177
Butter,01/03/2015,2.845065
Butter,01/04/2015,2.94308
Butter,01/05/2015,3.098067
Butter,01/06/2015,2.946907
Butter,01/07/2015,2.882059
Butter,01/08/2015,2.948517
Butter,01/09/2015,3.004477
Butter,01/10/2015,2.717215
Butter,01/11/2015,3.012134
Butter,01/12/2015,2.990917
Butter,01/01/2016,2.821102
Butter,01/02/2016,2.910388
Butter,01/03/2016,2.795823
Butter,01/04/2016,2.868833
Butter,01/05/2016,2.865504
Butter,01/06/2016,2.761949
Butter,01/07/2016,2.786176
Butter,01/08/2016,2.742255
Butter,01/09/2016,2.706667
Butter,01/10/2016,2.703554
Butter,01/11/2016,2.782857
Butter,01/12/2016,2.838861
Butter,01/01/2017,2.916219
Butter,01/02/2017,2.83105
Butter,01/03/2017,2.821297
Butter,01/04/2017,2.762645
Butter,01/05/2017,2.782025
Butter,01/06/2017,2.843652
Butter,01/07/2017,2.784792
Butter,01/08/2017,2.840042
Butter,01/09/2017,3.005063
Butter,01/10/2017,3.129198
Butter,01/11/2017,3.24614
Butter,01/12/2017,3.252218
Butter,01/01/2018,3.123708
Butter,01/02/2018,3.154635
Butter,01/03/2018,3.14789
Butter,01/04/2018,3.095353
Butter,01/05/2018,3.237721
Butter,01/06/2018,3.101289
Butter,01/07/2018,3.286581
Butter,01/08/2018,3.278983
Butter,01/09/2018,3.188383
Butter,01/10/2018,3.247269
Butter,01/11/2018,3.064788
Butter,01/12/2018,3.285485
Butter,01/01/2019,3.287004
Butter,01/02/2019,3.332511
Butter,01/03/2019,3.177542
Butter,01/04/2019,3.196008
Butter,01/05/2019,3.14963
Butter,01/06/2019,3.257689
Butter,01/07/2019,3.220372
Butter,01/08/2019,3.07107
Butter,01/09/2019,3.107254
Butter,01/10/2019,3.181736
Butter,01/11/2019,3.082963
Butter,01/12/2019,3.168755
Butter,01/01/2020,3.060954
Butter,01/02/2020,3.062083
Butter,01/03/2020,3.155642
Butter,01/04/2020,3.282512
Butter,01/05/2020,3.239087
Butter,01/06/2020,3.077342
Butter,01/07/2020,3.210536
Butter,01/08/2020,3.043991
Butter,01/09/2020,3.115216
Butter,01/10/2020,3.013448
Butter,01/11/2020,2.804451
Butter,01/12/2020,3.052275
Butter,01/01/2021,3.149417
Butter,01/02/2021,3.114783
Butter,01/03/2021,3.270794
Butter,01/04/2021,3.105117
Butter,01/05/2021,3.193598
Butter,01/06/2021,3.087009
Butter,01/07/2021,3.098553
Butter,01/08/2021,3.043485
Butter,01/09/2021,3.103787
Butter,01/10/2021,3.197203
Butter,01/11/2021,3.236638
Butter,01/12/2021,3.286428
Butter,01/01/2022,3.219542
Butter,01/02/2022,3.217702
Butter,01/03/2022,3.530458
Butter,01/04/2022,3.42376
Butter,01/05/2022,3.536597
Butter,01/06/2022,3.818889
Butter,01/07/2022,3.99144
Butter,01/08/2022,3.979247
Butter,01/09/2022,3.950531
Butter,01/10/2022,4.037676
Butter,01/11/2022,4.02038
Car Repair,01/02/2006,75.6358
Car Repair,01/03/2006,75.88301
Car Repair,01/04/2006,76.07424
Car Repair,01/05/2006,76.83304
Car Repair,01/06/2006,77.41232
Car Repair,01/07/2006,77.25127
Car Repair,01/08/2006,77.3525
Car Repair,01/09/2006,77.72514
Car Repair,01/10/2006,77.66896
Car Repair,01/11/2006,78.12434
Car Repair,01/12/2006,77.93981
Car Repair,01/01/2007,79.97228
Car Repair,01/02/2007,80.18573
Car Repair,01/03/2007,81.21243
Car Repair,01/04/2007,81.69906
Car Repair,01/05/2007,81.88991
Car Repair,01/06/2007,82.10768
Car Repair,01/07/2007,82.57566
Car Repair,01/08/2007,83.02552
Car Repair,01/09/2007,83.24689
Car Repair,01/10/2007,82.76894
Car Repair,01/11/2007,82.09286
Car Repair,01/12/2007,83.81257
Car Repair,01/01/2008,85.5477
Car Repair,01/02/2008,86.21931
Car Repair,01/03/2008,85.74133
Car Repair,01/04/2008,85.72703
Car Repair,01/05/2008,85.86384
Car Repair,01/06/2008,86.62075
Car Repair,01/07/2008,86.11121
Car Repair,01/08/2008,87.01636
Car Repair,01/09/2008,87.08187
Car Repair,01/10/2008,87.37651
Car Repair,01/11/2008,87.46038
Car Repair,01/12/2008,87.41706
Car Repair,01/01/2009,85.33742
Car Repair,01/02/2009,86.38271
Car Repair,01/03/2009,86.62029
Car Repair,01/04/2009,86.69689
Car Repair,01/05/2009,87.37514
Car Repair,01/06/2009,88.30029
Car Repair,01/07/2009,88.45219
Car Repair,01/08/2009,88.49114
Car Repair,01/09/2009,88.41267
Car Repair,01/10/2009,88.22504
Car Repair,01/11/2009,87.7
Car Repair,01/12/2009,87.29952
Car Repair,01/01/2010,91.26206
Car Repair,01/02/2010,90.53421
Car Repair,01/03/2010,91.16899
Car Repair,01/04/2010,91.45811
Car Repair,01/05/2010,91.43559
Car Repair,01/06/2010,90.87359
Car Repair,01/07/2010,90.97346
Car Repair,01/08/2010,91.10481
Car Repair,01/09/2010,91.7215
Car Repair,01/10/2010,91.69476
Car Repair,01/11/2010,91.72486
Car Repair,01/12/2010,91.44647
Car Repair,01/01/2011,95.2975
Car Repair,01/02/2011,94.34559
Car Repair,01/03/2011,93.8548
Car Repair,01/04/2011,94.22076
Car Repair,01/05/2011,93.83153
Car Repair,01/06/2011,94.06971
Car Repair,01/07/2011,94.19716
Car Repair,01/08/2011,94.51
Car Repair,01/09/2011,93.936
Car Repair,01/10/2011,93.86349
Car Repair,01/11/2011,94.10664
Car Repair,01/12/2011,94.31991
Car Repair,01/01/2012,94.76461
Car Repair,01/02/2012,95.26525
Car Repair,01/03/2012,96.06588
Car Repair,01/04/2012,96.38819
Car Repair,01/05/2012,96.4239
Car Repair,01/06/2012,96.36823
Car Repair,01/07/2012,97.06981
Car Repair,01/08/2012,96.74457
Car Repair,01/09/2012,97.27212
Car Repair,01/10/2012,97.43627
Car Repair,01/11/2012,97.4406
Car Repair,01/12/2012,98.07374
Car Repair,01/01/2013,99.20062
Car Repair,01/02/2013,97.19386
Car Repair,01/03/2013,97.49196
Car Repair,01/04/2013,97.54587
Car Repair,01/05/2013,96.76952
Car Repair,01/06/2013,97.50204
Car Repair,01/07/2013,97.25214
Car Repair,01/08/2013,97.39881
Car Repair,01/09/2013,97.46813
Car Repair,01/10/2013,97.06657
Car Repair,01/11/2013,97.5397
Car Repair,01/12/2013,98.36913
Car Repair,01/01/2014,97.79128
Car Repair,01/02/2014,98.14587
Car Repair,01/03/2014,98.49355
Car Repair,01/04/2014,98.63056
Car Repair,01/05/2014,98.87991
Car Repair,01/06/2014,98.91841
Car Repair,01/07/2014,99.2233
Car Repair,01/08/2014,99.78286
Car Repair,01/09/2014,99.78716
Car Repair,01/10/2014,100.6224
Car Repair,01/11/2014,100.4319
Car Repair,01/12/2014,102.2236
Car Repair,01/01/2015,102.4098
Car Repair,01/02/2015,103.5076
Car Repair,01/03/2015,103.8174
Car Repair,01/04/2015,103.9794
Car Repair,01/05/2015,104.8368
Car Repair,01/06/2015,105.595
Car Repair,01/07/2015,105.1442
Car Repair,01/08/2015,105.1863
Car Repair,01/09/2015,105.1414
Car Repair,01/10/2015,105.5736
Car Repair,01/11/2015,105.5557
Car Repair,01/12/2015,106.1294
Car Repair,01/01/2016,107.0923
Car Repair,01/02/2016,107.1881
Car Repair,01/03/2016,107.775
Car Repair,01/04/2016,107.6994
Car Repair,01/05/2016,107.9977
Car Repair,01/06/2016,108.4385
Car Repair,01/07/2016,108.5089
Car Repair,01/08/2016,107.8534
Car Repair,01/09/2016,107.8838
Car Repair,01/10/2016,107.381
Car Repair,01/11/2016,107.2977
Car Repair,01/12/2016,107.8054
Car Repair,01/01/2017,109.1338
Car Repair,01/02/2017,108.4646
Car Repair,01/03/2017,109.2635
Car Repair,01/04/2017,109.3403
Car Repair,01/05/2017,111.0948
Car Repair,01/06/2017,111.4435
Car Repair,01/07/2017,111.9249
Car Repair,01/08/2017,111.3178
Car Repair,01/09/2017,111.3945
Car Repair,01/10/2017,111.3058
Car Repair,01/11/2017,111.774
Car Repair,01/12/2017,112.5871
Car Repair,01/01/2018,114.0263
Car Repair,01/02/2018,113.7442
Car Repair,01/03/2018,114.0088
Car Repair,01/04/2018,114.6196
Car Repair,01/05/2018,115.1832
Car Repair,01/06/2018,115.9247
Car Repair,01/07/2018,116.1572
Car Repair,01/08/2018,115.8555
Car Repair,01/09/2018,116.4598
Car Repair,01/10/2018,115.9378
Car Repair,01/11/2018,116.4112
Car Repair,01/12/2018,116.7617
Car Repair,01/01/2019,118.7278
Car Repair,01/02/2019,117.5951
Car Repair,01/03/2019,119.3277
Car Repair,01/04/2019,120.2042
Car Repair,01/05/2019,120.7591
Car Repair,01/06/2019,119.7438
Car Repair,01/07/2019,119.7739
Car Repair,01/08/2019,118.6231
Car Repair,01/09/2019,119.0576
Car Repair,01/10/2019,118.4875
Car Repair,01/11/2019,118.3909
Car Repair,01/12/2019,119.9201
Car Repair,01/01/2020,120.9472
Car Repair,01/02/2020,119.1845
Car Repair,01/03/2020,118.4804
Car Repair,01/04/2020,118.5187
Car Repair,01/05/2020,118.1465
Car Repair,01/06/2020,120.9715
Car Repair,01/07/2020,117.4882
Car Repair,01/08/2020,117.0793
Car Repair,01/09/2020,117.7514
Car Repair,01/10/2020,117.6182
Car Repair,01/11/2020,118.7597
Car Repair,01/12/2020,123.8986
Car Repair,01/01/2021,124.9233
Car Repair,01/02/2021,124.093
Car Repair,01/03/2021,120.2203
Car Repair,01/04/2021,121.8227
Car Repair,01/05/2021,121.7145
Car Repair,01/06/2021,122.5726
Car Repair,01/07/2021,123.3
Car Repair,01/08/2021,120.762
Car Repair,01/09/2021,122.3643
Car Repair,01/10/2021,122.6074
Car Repair,01/11/2021,122.8071
Car Repair,01/12/2021,123.9778
Car Repair,01/01/2022,125.9551
Car Repair,01/02/2022,125.7458
Car Repair,01/03/2022,125.1458
Car Repair,01/04/2022,125.784
Car Repair,01/05/2022,127.8219
Car Repair,01/06/2022,130.0722
Car Repair,01/07/2022,130.2397
Car Repair,01/08/2022,129.1658
Car Repair,01/09/2022,130.4827
Car Repair,01/10/2022,132.3282
Car Repair,01/11/2022,132.2824
Dog Food,01/02/1996,0.443617
Dog Food,01/03/1996,0.4468812
Dog Food,01/04/1996,0.4479
Dog Food,01/05/1996,0.4531372
Dog Food,01/06/1996,0.4412308
Dog Food,01/07/1996,0.4569378
Dog Food,01/08/1996,0.4649123
Dog Food,01/09/1996,0.4611494
Dog Food,01/10/1996,0.4617977
Dog Food,01/11/1996,0.4657222
Dog Food,01/12/1996,0.4597753
Dog Food,01/01/1997,0.4732759
Dog Food,01/02/1997,0.489593
Dog Food,01/03/1997,0.4904118
Dog Food,01/04/1997,0.4945402
Dog Food,01/05/1997,0.4892529
Dog Food,01/06/1997,0.4925444
Dog Food,01/07/1997,0.4978571
Dog Food,01/08/1997,0.4942614
Dog Food,01/09/1997,0.4922034
Dog Food,01/10/1997,0.4962069
Dog Food,01/11/1997,0.4961714
Dog Food,01/12/1997,0.4965116
Dog Food,01/01/1998,0.4755279
Dog Food,01/02/1998,0.480963
Dog Food,01/03/1998,0.4706945
Dog Food,01/04/1998,0.4688889
Dog Food,01/05/1998,0.469726
Dog Food,01/06/1998,0.468125
Dog Food,01/07/1998,0.4734028
Dog Food,01/08/1998,0.4782979
Dog Food,01/09/1998,0.4767586
Dog Food,01/10/1998,0.4846763
Dog Food,01/11/1998,0.4793836
Dog Food,01/12/1998,0.4815753
Dog Food,01/01/1999,0.4834782
Dog Food,01/02/1999,0.487931
Dog Food,01/03/1999,0.4831915
Dog Food,01/04/1999,0.4818705
Dog Food,01/05/1999,0.4792199
Dog Food,01/06/1999,0.4787075
Dog Food,01/07/1999,0.4758621
Dog Food,01/08/1999,0.4786806
Dog Food,01/09/1999,0.4774825
Dog Food,01/10/1999,0.4781633
Dog Food,01/11/1999,0.4766667
Dog Food,01/12/1999,0.4785135
Dog Food,01/01/2000,0.4788356
Dog Food,01/02/2000,0.4802127
Dog Food,01/03/2000,0.4772592
Dog Food,01/04/2000,0.4784783
Dog Food,01/05/2000,0.4758273
Dog Food,01/06/2000,0.4772857
Dog Food,01/07/2000,0.4755
Dog Food,01/08/2000,0.4715827
Dog Food,01/09/2000,0.4694245
Dog Food,01/10/2000,0.4741606
Dog Food,01/11/2000,0.4749624
Dog Food,01/12/2000,0.4715329
Dog Food,01/01/2001,0.4763971
Dog Food,01/02/2001,0.4717293
Dog Food,01/03/2001,0.4692481
Dog Food,01/04/2001,0.4696428
Dog Food,01/05/2001,0.4678261
Dog Food,01/06/2001,0.4704636
Dog Food,01/07/2001,0.4735526
Dog Food,01/08/2001,0.4674675
Dog Food,01/09/2001,0.4796599
Dog Food,01/10/2001,0.4757616
Dog Food,01/11/2001,0.4758228
Dog Food,01/12/2001,0.4759748
Dog Food,01/01/2002,0.4776101
Dog Food,01/02/2002,0.4831544
Dog Food,01/03/2002,0.4842105
Dog Food,01/04/2002,0.4860284
Dog Food,01/05/2002,0.4896377
Dog Food,01/06/2002,0.4871711
Dog Food,01/07/2002,0.4907333
Dog Food,01/08/2002,0.4916107
Dog Food,01/09/2002,0.4910457
Dog Food,01/10/2002,0.4931081
Dog Food,01/11/2002,0.4920395
Dog Food,01/12/2002,0.4904027
Dog Food,01/01/2003,0.4902667
Dog Food,01/02/2003,0.4695633
Dog Food,01/03/2003,0.4693506
Dog Food,01/04/2003,0.4721327
Dog Food,01/05/2003,0.4712796
Dog Food,01/06/2003,0.4707981
Dog Food,01/07/2003,0.4708491
Dog Food,01/08/2003,0.4683098
Dog Food,01/09/2003,0.4645755
Dog Food,01/10/2003,0.4648571
Dog Food,01/11/2003,0.457193
Dog Food,01/12/2003,0.4559817
Dog Food,01/01/2004,0.4612554
Dog Food,01/02/2004,0.4575117
Dog Food,01/03/2004,0.4587793
Dog Food,01/04/2004,0.4626267
Dog Food,01/05/2004,0.4566973
Dog Food,01/06/2004,0.4528111
Dog Food,01/07/2004,0.4571028
Dog Food,01/08/2004,0.4576526
Dog Food,01/09/2004,0.4625758
Dog Food,01/10/2004,0.4574661
Dog Food,01/11/2004,0.458211
Dog Food,01/12/2004,0.4563801
Dog Food,01/01/2005,0.4577928
Dog Food,01/02/2005,0.4612903
Dog Food,01/03/2005,0.4583178
Dog Food,01/04/2005,0.4693665
Dog Food,01/05/2005,0.4398701
Dog Food,01/06/2005,0.4731416
Dog Food,01/07/2005,0.4698214
Dog Food,01/08/2005,0.471179
Dog Food,01/09/2005,0.4686842
Dog Food,01/10/2005,0.4642342
Dog Food,01/11/2005,0.476619
Dog Food,01/12/2005,0.4695111
Dog Food,01/01/2006,0.4740455
Dog Food,01/02/2006,0.4756796
Dog Food,01/03/2006,0.4771635
Dog Food,01/04/2006,0.4868528
Dog Food,01/05/2006,0.4922388
Dog Food,01/06/2006,0.4893304
Dog Food,01/07/2006,0.4883258
Dog Food,01/08/2006,0.4906195
Dog Food,01/09/2006,0.4896035
Dog Food,01/10/2006,0.4893778
Dog Food,01/11/2006,0.4863555
Dog Food,01/12/2006,0.49
Dog Food,01/01/2007,0.4869778
Dog Food,01/02/2007,0.4794595
Dog Food,01/03/2007,0.4859307
Dog Food,01/04/2007,0.487193
Dog Food,01/05/2007,0.4892609
Dog Food,01/06/2007,0.4916883
Dog Food,01/07/2007,0.4933649
Dog Food,01/08/2007,0.4895633
Dog Food,01/09/2007,0.490393
Dog Food,01/10/2007,0.4910811
Dog Food,01/11/2007,0.5061187
Dog Food,01/12/2007,0.5073182
Dog Food,01/01/2008,0.5076712
Dog Food,01/02/2008,0.5055349
Dog Food,01/03/2008,0.4973113
Dog Food,01/04/2008,0.4978404
Dog Food,01/05/2008,0.4944495
Dog Food,01/06/2008,0.5160094
Dog Food,01/07/2008,0.5206335
Dog Food,01/08/2008,0.5222936
Dog Food,01/09/2008,0.5231193
Dog Food,01/10/2008,0.5360577
Dog Food,01/11/2008,0.5280269
Dog Food,01/12/2008,0.5287317
Dog Food,01/01/2009,0.5497561
Dog Food,01/02/2009,0.5729293
Dog Food,01/03/2009,0.5742857
Dog Food,01/04/2009,0.5766
Dog Food,01/05/2009,0.5754545
Dog Food,01/06/2009,0.564
Dog Food,01/07/2009,0.5713333
Dog Food,01/08/2009,0.5614346
Dog Food,01/09/2009,0.5581779
Dog Food,01/10/2009,0.5513793
Dog Food,01/11/2009,0.5582759
Dog Food,01/12/2009,0.5617521
Dog Food,01/01/2010,0.5636087
Dog Food,01/02/2010,0.5598253
Dog Food,01/03/2010,0.5593805
Dog Food,01/04/2010,0.5590204
Dog Food,01/05/2010,0.5581557
Dog Food,01/06/2010,0.5589584
Dog Food,01/07/2010,0.5569547
Dog Food,01/08/2010,0.5533197
Dog Food,01/09/2010,0.5521429
Dog Food,01/10/2010,0.5523651
Dog Food,01/11/2010,0.5550622
Dog Food,01/12/2010,0.5604065
Dog Food,01/01/2011,0.5687854
Dog Food,01/02/2011,0.5716456
Dog Food,01/03/2011,0.5645344
Dog Food,01/04/2011,0.5686476
Dog Food,01/05/2011,0.5804132
Dog Food,01/06/2011,0.6052245
Dog Food,01/07/2011,0.6084937
Dog Food,01/08/2011,0.6148988
Dog Food,01/09/2011,0.6243388
Dog Food,01/10/2011,0.6325551
Dog Food,01/11/2011,0.6199578
Dog Food,01/12/2011,0.6208403
Dog Food,01/01/2012,0.602093
Dog Food,01/02/2012,0.5974888
Dog Food,01/03/2012,0.5965517
Dog Food,01/04/2012,0.5980971
Dog Food,01/05/2012,0.6020968
Dog Food,01/06/2012,0.601245
Dog Food,01/07/2012,0.6049603
Dog Food,01/08/2012,0.6077822
Dog Food,01/09/2012,0.6086693
Dog Food,01/10/2012,0.6106773
Dog Food,01/11/2012,0.6234894
Dog Food,01/12/2012,0.6237768
Dog Food,01/01/2013,0.60672
Dog Food,01/02/2013,0.61103
Dog Food,01/03/2013,0.6135294
Dog Food,01/04/2013,0.6064435
Dog Food,01/05/2013,0.6058159
Dog Food,01/06/2013,0.6015481
Dog Food,01/07/2013,0.6078542
Dog Food,01/08/2013,0.6053846
Dog Food,01/09/2013,0.6003226
Dog Food,01/10/2013,0.6135484
Dog Food,01/11/2013,0.6123887
Dog Food,01/12/2013,0.6132661
Dog Food,01/01/2014,0.6097177
Dog Food,01/02/2014,0.6025403
Dog Food,01/03/2014,0.6076326
Dog Food,01/04/2014,0.6082186
Dog Food,01/05/2014,0.6076923
Dog Food,01/06/2014,0.6076518
Dog Food,01/07/2014,0.6071837
Dog Food,01/08/2014,0.6053252
Dog Food,01/09/2014,0.612898
Dog Food,01/10/2014,0.6152675
Dog Food,01/11/2014,0.615935
Dog Food,01/12/2014,0.6122449
Dog Food,01/01/2015,0.61112
Dog Food,01/02/2015,0.6184615
Dog Food,01/03/2015,0.6183871
Dog Food,01/04/2015,0.6274152
Dog Food,01/05/2015,0.6244664
Dog Food,01/06/2015,0.6276078
Dog Food,01/07/2015,0.623913
Dog Food,01/08/2015,0.624502
Dog Food,01/09/2015,0.6226104
Dog Food,01/10/2015,0.6232389
Dog Food,01/11/2015,0.6269106
Dog Food,01/12/2015,0.6269879
Dog Food,01/01/2016,0.6283936
Dog Food,01/02/2016,0.6155918
Dog Food,01/03/2016,0.6203404
Dog Food,01/04/2016,0.6208979
Dog Food,01/05/2016,0.63188
Dog Food,01/06/2016,0.6268163
Dog Food,01/07/2016,0.6283193
Dog Food,01/08/2016,0.6058996
Dog Food,01/09/2016,0.6154853
Dog Food,01/10/2016,0.6281624
Dog Food,01/11/2016,0.6200851
Dog Food,01/12/2016,0.6075833
Dog Food,01/01/2017,0.6245041
Dog Food,01/02/2017,0.6500966
Dog Food,01/03/2017,0.6493304
Dog Food,01/04/2017,0.6535135
Dog Food,01/05/2017,0.643149
Dog Food,01/06/2017,0.6317695
Dog Food,01/07/2017,0.6369396
Dog Food,01/08/2017,0.6473611
Dog Food,01/09/2017,0.6330131
Dog Food,01/10/2017,0.6480786
Dog Food,01/11/2017,0.6475862
Dog Food,01/12/2017,0.640678
Dog Food,01/01/2018,0.6455328
Dog Food,01/02/2018,0.6471428
Dog Food,01/03/2018,0.6685514
Dog Food,01/04/2018,0.6404167
Dog Food,01/05/2018,0.6464444
Dog Food,01/06/2018,0.640083
Dog Food,01/07/2018,0.6525306
Dog Food,01/08/2018,0.6533473
Dog Food,01/09/2018,0.6619651
Dog Food,01/10/2018,0.6721212
Dog Food,01/11/2018,0.6762332
Dog Food,01/12/2018,0.6762552
Dog Food,01/01/2019,0.6736179
Dog Food,01/02/2019,0.7293981
Dog Food,01/03/2019,0.7287879
Dog Food,01/04/2019,0.7297021
Dog Food,01/05/2019,0.7206097
Dog Food,01/06/2019,0.7233603
Dog Food,01/07/2019,0.7215638
Dog Food,01/08/2019,0.7244672
Dog Food,01/09/2019,0.7318624
Dog Food,01/10/2019,0.7209465
Dog Food,01/11/2019,0.7279518
Dog Food,01/12/2019,0.7368675
Dog Food,01/01/2020,0.7532018
Dog Food,01/02/2020,0.7587557
Dog Food,01/03/2020,0.7668041
Dog Food,01/04/2020,0.7137113
Dog Food,01/05/2020,0.7011737
Dog Food,01/06/2020,0.7225234
Dog Food,01/07/2020,0.7252036
Dog Food,01/08/2020,0.7402347
Dog Food,01/09/2020,0.7319908
Dog Food,01/10/2020,0.7245622
Dog Food,01/11/2020,0.7140404
Dog Food,01/12/2020,0.7216746
Dog Food,01/01/2021,0.724574
Dog Food,01/02/2021,0.7144749
Dog Food,01/03/2021,0.7236406
Dog Food,01/04/2021,0.720724
Dog Food,01/05/2021,0.7460101
Dog Food,01/06/2021,0.7121459
Dog Food,01/07/2021,0.7218672
Dog Food,01/08/2021,0.7472691
Dog Food,01/09/2021,0.7370661
Dog Food,01/10/2021,0.7359825
Dog Food,01/11/2021,0.7700488
Dog Food,01/12/2021,0.782844
Dog Food,01/01/2022,0.7876214
Dog Food,01/02/2022,0.8843779
Dog Food,01/03/2022,0.9017431
Dog Food,01/04/2022,0.9141393
Dog Food,01/05/2022,0.9547465
Dog Food,01/06/2022,0.9323431
Dog Food,01/07/2022,0.9855328
Dog Food,01/08/2022,1.019711
Dog Food,01/09/2022,1.01181
Dog Food,01/10/2022,1.051974
Dog Food,01/11/2022,1.068734
Eggs,01/02/1988,0.9918572
Eggs,01/03/1988,0.9934615
Eggs,01/04/1988,1.009343
Eggs,01/05/1988,0.9965672
Eggs,01/06/1988,0.9699254
Eggs,01/07/1988,0.9585937
Eggs,01/09/1988,0.9477953
Eggs,01/10/1988,0.9469853
Eggs,01/11/1988,0.9537795
Eggs,01/12/1988,0.9853846
Eggs,01/01/1989,0.98168
Eggs,01/03/1989,0.9350365
Eggs,01/04/1989,0.9358646
Eggs,01/05/1989,0.9465854
Eggs,01/06/1989,0.9482645
Eggs,01/07/1989,0.9506299
Eggs,01/08/1989,1.873388
Eggs,01/09/1989,0.9921774
Eggs,01/10/1989,1.053089
Eggs,01/11/1989,1.0625
Eggs,01/12/1989,1.09336
Eggs,01/01/1990,1.107672
Eggs,01/02/1990,1.118194
Eggs,01/03/1990,1.093028
Eggs,01/04/1990,1.121275
Eggs,01/05/1990,1.0916
Eggs,01/06/1990,1.099346
Eggs,01/07/1990,1.096299
Eggs,01/08/1990,1.090833
Eggs,01/09/1990,1.053385
Eggs,01/10/1990,1.056172
Eggs,01/11/1990,1.01338
Eggs,01/12/1990,1.057556
Eggs,01/01/1991,1.062342
Eggs,01/02/1991,1.045926
Eggs,01/03/1991,1.073217
Eggs,01/04/1991,1.024792
Eggs,01/05/1991,1.043007
Eggs,01/06/1991,1.021986
Eggs,01/07/1991,0.9788435
Eggs,01/08/1991,0.9914094
Eggs,01/09/1991,0.9880379
Eggs,01/10/1991,1.043743
Eggs,01/11/1991,1.054365
Eggs,01/12/1991,1.109412
Eggs,01/01/1992,1.10743
Eggs,01/02/1992,1.064173
Eggs,01/03/1992,1.05104
Eggs,01/04/1992,1.028571
Eggs,01/05/1992,1.025255
Eggs,01/06/1992,1.027872
Eggs,01/07/1992,1.024571
Eggs,01/08/1992,1.013571
Eggs,01/09/1992,0.9843478
Eggs,01/10/1992,1.037569
Eggs,01/11/1992,1.018881
Eggs,01/12/1992,1.097397
Eggs,01/01/1993,1.077609
Eggs,01/02/1993,1.059252
Eggs,01/03/1993,1.035172
Eggs,01/04/1993,1.040493
Eggs,01/05/1993,1.040541
Eggs,01/06/1993,1.113099
Eggs,01/07/1993,1.111812
Eggs,01/08/1993,1.1218
Eggs,01/09/1993,1.141409
Eggs,01/10/1993,1.159438
Eggs,01/11/1993,1.145329
Eggs,01/12/1993,1.142112
Eggs,01/01/1994,1.145478
Eggs,01/02/1994,1.157007
Eggs,01/03/1994,1.162838
Eggs,01/04/1994,1.177517
Eggs,01/05/1994,1.150882
Eggs,01/06/1994,1.159458
Eggs,01/07/1994,1.182339
Eggs,01/08/1994,1.188194
Eggs,01/09/1994,1.166763
Eggs,01/10/1994,1.200479
Eggs,01/11/1994,1.179361
Eggs,01/12/1994,1.202262
Eggs,01/01/1995,1.215232
Eggs,01/02/1995,1.16092
Eggs,01/03/1995,1.163394
Eggs,01/04/1995,1.165506
Eggs,01/05/1995,1.185828
Eggs,01/06/1995,1.18
Eggs,01/07/1995,1.135988
Eggs,01/08/1995,1.153575
Eggs,01/09/1995,1.152774
Eggs,01/10/1995,1.176494
Eggs,01/11/1995,1.183121
Eggs,01/12/1995,1.235975
Eggs,01/01/1996,1.215185
Eggs,01/02/1996,1.231544
Eggs,01/03/1996,1.30329
Eggs,01/04/1996,1.312819
Eggs,01/05/1996,1.326384
Eggs,01/06/1996,1.320298
Eggs,01/07/1996,1.352597
Eggs,01/08/1996,1.355188
Eggs,01/09/1996,1.340368
Eggs,01/10/1996,1.352303
Eggs,01/11/1996,1.377025
Eggs,01/12/1996,1.380364
Eggs,01/01/1997,1.370698
Eggs,01/02/1997,1.366688
Eggs,01/03/1997,1.369059
Eggs,01/04/1997,1.371454
Eggs,01/05/1997,1.345329
Eggs,01/06/1997,1.342012
Eggs,01/07/1997,1.328294
Eggs,01/08/1997,1.311921
Eggs,01/09/1997,1.329096
Eggs,01/10/1997,1.32069
Eggs,01/11/1997,1.280229
Eggs,01/12/1997,1.361591
Eggs,01/01/1998,1.408402
Eggs,01/02/1998,1.308456
Eggs,01/03/1998,1.366276
Eggs,01/04/1998,1.300136
Eggs,01/05/1998,1.296216
Eggs,01/06/1998,1.320066
Eggs,01/07/1998,1.277537
Eggs,01/08/1998,1.352177
Eggs,01/09/1998,1.351513
Eggs,01/10/1998,1.284091
Eggs,01/11/1998,1.379103
Eggs,01/12/1998,1.401884
Eggs,01/01/1999,1.333434
Eggs,01/02/1999,1.366985
Eggs,01/03/1999,1.366423
Eggs,01/04/1999,1.3615
Eggs,01/05/1999,1.347021
Eggs,01/06/1999,1.359859
Eggs,01/07/1999,1.383592
Eggs,01/08/1999,1.394745
Eggs,01/09/1999,1.401037
Eggs,01/10/1999,1.374266
Eggs,01/11/1999,1.301496
Eggs,01/12/1999,1.335492
Eggs,01/01/2000,1.352314
Eggs,01/02/2000,1.450098
Eggs,01/03/2000,1.42125
Eggs,01/04/2000,1.440182
Eggs,01/05/2000,1.442397
Eggs,01/06/2000,1.427479
Eggs,01/07/2000,1.403167
Eggs,01/08/2000,1.553714
Eggs,01/09/2000,1.590977
Eggs,01/10/2000,1.605037
Eggs,01/11/2000,1.617273
Eggs,01/12/2000,1.59635
Eggs,01/01/2001,1.592605
Eggs,01/02/2001,1.654804
Eggs,01/03/2001,1.613622
Eggs,01/04/2001,1.581732
Eggs,01/05/2001,1.597985
Eggs,01/06/2001,1.561615
Eggs,01/07/2001,1.601177
Eggs,01/08/2001,1.584748
Eggs,01/09/2001,1.610211
Eggs,01/10/2001,1.596906
Eggs,01/11/2001,1.598429
Eggs,01/12/2001,1.626241
Eggs,01/01/2002,1.613456
Eggs,01/02/2002,1.652478
Eggs,01/03/2002,1.60144
Eggs,01/04/2002,1.563817
Eggs,01/05/2002,1.561168
Eggs,01/06/2002,1.582061
Eggs,01/07/2002,1.559259
Eggs,01/08/2002,1.528433
Eggs,01/09/2002,1.551694
Eggs,01/10/2002,1.551181
Eggs,01/11/2002,1.577721
Eggs,01/12/2002,1.586923
Eggs,01/01/2003,1.569583
Eggs,01/02/2003,1.463058
Eggs,01/03/2003,1.575956
Eggs,01/04/2003,1.647059
Eggs,01/05/2003,1.635856
Eggs,01/06/2003,1.656
Eggs,01/07/2003,1.64307
Eggs,01/08/2003,1.634878
Eggs,01/09/2003,1.629474
Eggs,01/10/2003,1.652432
Eggs,01/11/2003,1.653359
Eggs,01/12/2003,1.668309
Eggs,01/01/2004,1.648603
Eggs,01/02/2004,1.527069
Eggs,01/03/2004,1.516198
Eggs,01/04/2004,1.561148
Eggs,01/05/2004,1.5456
Eggs,01/06/2004,1.565984
Eggs,01/07/2004,1.551138
Eggs,01/08/2004,1.53626
Eggs,01/09/2004,1.530315
Eggs,01/10/2004,1.544173
Eggs,01/11/2004,1.554
Eggs,01/12/2004,1.559104
Eggs,01/01/2005,1.544167
Eggs,01/02/2005,1.554118
Eggs,01/03/2005,1.575238
Eggs,01/04/2005,1.562344
Eggs,01/05/2005,1.553101
Eggs,01/06/2005,1.60072
Eggs,01/07/2005,1.577045
Eggs,01/08/2005,1.588077
Eggs,01/09/2005,1.602205
Eggs,01/10/2005,1.604758
Eggs,01/11/2005,1.597983
Eggs,01/12/2005,1.60664
Eggs,01/01/2006,1.594206
Eggs,01/02/2006,1.568034
Eggs,01/03/2006,1.602333
Eggs,01/04/2006,1.570242
Eggs,01/05/2006,1.601885
Eggs,01/06/2006,1.633417
Eggs,01/07/2006,1.615164
Eggs,01/08/2006,1.678644
Eggs,01/09/2006,1.678049
Eggs,01/10/2006,1.68069
Eggs,01/11/2006,1.700901
Eggs,01/12/2006,1.784911
Eggs,01/01/2007,1.792162
Eggs,01/02/2007,1.805478
Eggs,01/03/2007,1.840403
Eggs,01/04/2007,1.845873
Eggs,01/05/2007,1.820775
Eggs,01/06/2007,1.836772
Eggs,01/07/2007,1.839677
Eggs,01/08/2007,1.930781
Eggs,01/09/2007,2.044595
Eggs,01/10/2007,2.210794
Eggs,01/11/2007,2.413277
Eggs,01/12/2007,2.39264
Eggs,01/01/2008,2.419554
Eggs,01/02/2008,2.425714
Eggs,01/03/2008,2.479516
Eggs,01/04/2008,2.522705
Eggs,01/05/2008,2.574878
Eggs,01/06/2008,2.610574
Eggs,01/07/2008,2.537295
Eggs,01/08/2008,2.57648
Eggs,01/09/2008,2.616371
Eggs,01/10/2008,2.588033
Eggs,01/11/2008,2.642439
Eggs,01/12/2008,2.630873
Eggs,01/01/2009,2.619444
Eggs,01/02/2009,2.619204
Eggs,01/03/2009,2.648214
Eggs,01/04/2009,2.681333
Eggs,01/05/2009,2.760656
Eggs,01/06/2009,2.772114
Eggs,01/07/2009,2.751417
Eggs,01/08/2009,2.744016
Eggs,01/09/2009,2.7375
Eggs,01/10/2009,2.711735
Eggs,01/11/2009,2.739841
Eggs,01/12/2009,2.759268
Eggs,01/01/2010,2.805882
Eggs,01/02/2010,2.818165
Eggs,01/03/2010,2.803719
Eggs,01/04/2010,2.77187
Eggs,01/05/2010,2.798033
Eggs,01/06/2010,2.813445
Eggs,01/07/2010,2.80824
Eggs,01/08/2010,2.831024
Eggs,01/09/2010,2.821008
Eggs,01/10/2010,2.687851
Eggs,01/11/2010,2.82947
Eggs,01/12/2010,2.836119
Eggs,01/01/2011,2.884809
Eggs,01/02/2011,2.869919
Eggs,01/03/2011,2.877143
Eggs,01/04/2011,2.88448
Eggs,01/05/2011,2.90672
Eggs,01/06/2011,2.891885
Eggs,01/07/2011,2.935537
Eggs,01/08/2011,2.930709
Eggs,01/09/2011,2.8752
Eggs,01/10/2011,2.680811
Eggs,01/11/2011,2.733607
Eggs,01/12/2011,2.734504
Eggs,01/01/2012,2.682519
Eggs,01/02/2012,2.735077
Eggs,01/03/2012,2.831628
Eggs,01/04/2012,2.899375
Eggs,01/05/2012,2.875462
Eggs,01/06/2012,2.881203
Eggs,01/07/2012,2.876397
Eggs,01/08/2012,2.79037
Eggs,01/09/2012,2.818955
Eggs,01/10/2012,2.792537
Eggs,01/11/2012,2.825259
Eggs,01/12/2012,2.869141
Eggs,01/01/2013,2.795191
Eggs,01/02/2013,2.792823
Eggs,01/03/2013,2.694576
Eggs,01/04/2013,2.72264
Eggs,01/05/2013,2.74126
Eggs,01/06/2013,2.68687
Eggs,01/07/2013,2.691783
Eggs,01/08/2013,2.726308
Eggs,01/09/2013,2.768077
Eggs,01/10/2013,2.788496
Eggs,01/11/2013,2.763158
Eggs,01/12/2013,2.835481
Eggs,01/01/2014,2.844511
Eggs,01/02/2014,2.838828
Eggs,01/03/2014,2.792636
Eggs,01/04/2014,2.683033
Eggs,01/05/2014,2.510726
Eggs,01/06/2014,2.54864
Eggs,01/07/2014,2.584409
Eggs,01/08/2014,2.512302
Eggs,01/09/2014,2.60256
Eggs,01/10/2014,2.58907
Eggs,01/11/2014,2.523809
Eggs,01/12/2014,2.529173
Eggs,01/01/2015,2.477239
Eggs,01/02/2015,2.353858
Eggs,01/03/2015,2.33803
Eggs,01/04/2015,2.375652
Eggs,01/05/2015,2.390365
Eggs,01/06/2015,2.364029
Eggs,01/07/2015,2.326744
Eggs,01/08/2015,2.318636
Eggs,01/09/2015,2.332206
Eggs,01/10/2015,2.339771
Eggs,01/11/2015,2.355827
Eggs,01/12/2015,2.354361
Eggs,01/01/2016,2.340075
Eggs,01/02/2016,2.326593
Eggs,01/03/2016,2.134348
Eggs,01/04/2016,2.140145
Eggs,01/05/2016,2.132174
Eggs,01/06/2016,2.048284
Eggs,01/07/2016,2.035303
Eggs,01/08/2016,2.064776
Eggs,01/09/2016,2.08036
Eggs,01/10/2016,2.013443
Eggs,01/11/2016,2.077068
Eggs,01/12/2016,2.088667
Eggs,01/01/2017,2.092446
Eggs,01/02/2017,2.109111
Eggs,01/03/2017,2.104519
Eggs,01/04/2017,2.11203
Eggs,01/05/2017,2.102344
Eggs,01/06/2017,2.123008
Eggs,01/07/2017,2.090672
Eggs,01/08/2017,2.087259
Eggs,01/09/2017,2.112878
Eggs,01/10/2017,2.107319
Eggs,01/11/2017,2.11292
Eggs,01/12/2017,2.124307
Eggs,01/01/2018,2.125809
Eggs,01/02/2018,2.074029
Eggs,01/03/2018,2.073864
Eggs,01/04/2018,2.036715
Eggs,01/05/2018,2.037571
Eggs,01/06/2018,2.034928
Eggs,01/07/2018,2.036525
Eggs,01/08/2018,2.01518
Eggs,01/09/2018,2.027273
Eggs,01/10/2018,2.032828
Eggs,01/11/2018,2.037857
Eggs,01/12/2018,2.03875
Eggs,01/01/2019,2.053696
Eggs,01/02/2019,2.012578
Eggs,01/03/2019,1.9925
Eggs,01/04/2019,2.008345
Eggs,01/05/2019,2.01482
Eggs,01/06/2019,2.005857
Eggs,01/07/2019,1.977206
Eggs,01/08/2019,1.987761
Eggs,01/09/2019,1.966788
Eggs,01/10/2019,1.949574
Eggs,01/11/2019,1.968676
Eggs,01/12/2019,1.976815
Eggs,01/01/2020,1.994088
Eggs,01/02/2020,1.987786
Eggs,01/03/2020,1.888222
Eggs,01/04/2020,2.088732
Eggs,01/05/2020,2.065955
Eggs,01/06/2020,2.101753
Eggs,01/07/2020,2.099043
Eggs,01/08/2020,1.976577
Eggs,01/09/2020,1.991842
Eggs,01/10/2020,1.959841
Eggs,01/11/2020,1.90759
Eggs,01/12/2020,1.866667
Eggs,01/01/2021,1.834513
Eggs,01/02/2021,1.827826
Eggs,01/03/2021,1.915909
Eggs,01/04/2021,1.914148
Eggs,01/05/2021,1.957664
Eggs,01/06/2021,2.008505
Eggs,01/07/2021,1.969845
Eggs,01/08/2021,1.966985
Eggs,01/09/2021,1.979242
Eggs,01/10/2021,1.990866
Eggs,01/11/2021,1.978722
Eggs,01/12/2021,2.000763
Eggs,01/01/2022,2.000602
Kitchen Roll,01/02/2004,1.359583
Kitchen Roll,01/03/2004,1.351053
Kitchen Roll,01/04/2004,1.356269
Kitchen Roll,01/05/2004,1.337907
Kitchen Roll,01/06/2004,1.322061
Kitchen Roll,01/07/2004,1.342077
Kitchen Roll,01/08/2004,1.317538
Kitchen Roll,01/09/2004,1.29344
Kitchen Roll,01/10/2004,1.287197
Kitchen Roll,01/11/2004,1.33062
Kitchen Roll,01/12/2004,1.309781
Kitchen Roll,01/01/2005,1.316861
Kitchen Roll,01/02/2005,1.364322
Kitchen Roll,01/03/2005,1.361901
Kitchen Roll,01/04/2005,1.351654
Kitchen Roll,01/05/2005,1.282162
Kitchen Roll,01/06/2005,1.349352
Kitchen Roll,01/07/2005,1.323435
Kitchen Roll,01/08/2005,1.344077
Kitchen Roll,01/09/2005,1.328244
Kitchen Roll,01/10/2005,1.32126
Kitchen Roll,01/11/2005,1.333361
Kitchen Roll,01/12/2005,1.320242
Kitchen Roll,01/01/2006,1.37065
Kitchen Roll,01/02/2006,1.418917
Kitchen Roll,01/03/2006,1.459833
Kitchen Roll,01/04/2006,1.444516
Kitchen Roll,01/05/2006,1.447903
Kitchen Roll,01/06/2006,1.453333
Kitchen Roll,01/07/2006,1.44928
Kitchen Roll,01/08/2006,1.431439
Kitchen Roll,01/09/2006,1.393182
Kitchen Roll,01/10/2006,1.441185
Kitchen Roll,01/11/2006,1.444048
Kitchen Roll,01/12/2006,1.462556
Kitchen Roll,01/01/2007,1.465461
Kitchen Roll,01/02/2007,1.493583
Kitchen Roll,01/03/2007,1.493383
Kitchen Roll,01/04/2007,1.484462
Kitchen Roll,01/05/2007,1.459677
Kitchen Roll,01/06/2007,1.508321
Kitchen Roll,01/07/2007,1.494615
Kitchen Roll,01/08/2007,1.484215
Kitchen Roll,01/09/2007,1.490233
Kitchen Roll,01/10/2007,1.495809
Kitchen Roll,01/11/2007,1.490294
Kitchen Roll,01/12/2007,1.501752
Kitchen Roll,01/01/2008,1.502029
Kitchen Roll,01/02/2008,1.536508
Kitchen Roll,01/03/2008,1.543233
Kitchen Roll,01/04/2008,1.566917
Kitchen Roll,01/05/2008,1.623969
Kitchen Roll,01/06/2008,1.62447
Kitchen Roll,01/07/2008,1.604737
Kitchen Roll,01/08/2008,1.595401
Kitchen Roll,01/09/2008,1.587143
Kitchen Roll,01/10/2008,1.574044
Kitchen Roll,01/11/2008,1.663023
Kitchen Roll,01/12/2008,1.640526
Kitchen Roll,01/01/2009,1.657059
Kitchen Roll,01/02/2009,1.606748
Kitchen Roll,01/03/2009,1.65627
Kitchen Roll,01/04/2009,1.603252
Kitchen Roll,01/05/2009,1.661024
Kitchen Roll,01/06/2009,1.660157
Kitchen Roll,01/07/2009,1.654524
Kitchen Roll,01/08/2009,1.651298
Kitchen Roll,01/09/2009,1.643409
Kitchen Roll,01/10/2009,1.618125
Kitchen Roll,01/11/2009,1.684851
Kitchen Roll,01/12/2009,1.710657
Kitchen Roll,01/01/2010,1.688346
Kitchen Roll,01/02/2010,1.692869
Kitchen Roll,01/03/2010,1.639023
Kitchen Roll,01/04/2010,1.689556
Kitchen Roll,01/05/2010,1.673577
Kitchen Roll,01/06/2010,1.636029
Kitchen Roll,01/07/2010,1.714179
Kitchen Roll,01/08/2010,1.715407
Kitchen Roll,01/09/2010,1.740368
Kitchen Roll,01/10/2010,1.817279
Kitchen Roll,01/11/2010,1.792222
Kitchen Roll,01/12/2010,1.761471
Kitchen Roll,01/01/2011,1.843588
Kitchen Roll,01/02/2011,1.780488
Kitchen Roll,01/03/2011,1.782137
Kitchen Roll,01/04/2011,1.674444
Kitchen Roll,01/05/2011,1.70763
Kitchen Roll,01/06/2011,1.696899
Kitchen Roll,01/07/2011,1.744088
Kitchen Roll,01/08/2011,1.795324
Kitchen Roll,01/09/2011,1.819214
Kitchen Roll,01/10/2011,1.761825
Kitchen Roll,01/11/2011,1.763507
Kitchen Roll,01/12/2011,1.72694
Kitchen Roll,01/01/2012,1.764672
Kitchen Roll,01/02/2012,1.753162
Kitchen Roll,01/03/2012,1.753459
Kitchen Roll,01/04/2012,1.695865
Kitchen Roll,01/05/2012,1.636692
Kitchen Roll,01/06/2012,1.681985
Kitchen Roll,01/07/2012,1.715809
Kitchen Roll,01/08/2012,1.701471
Kitchen Roll,01/09/2012,1.722941
Kitchen Roll,01/10/2012,1.701579
Kitchen Roll,01/11/2012,1.728702
Kitchen Roll,01/12/2012,1.757652
Kitchen Roll,01/01/2013,1.68447
Kitchen Roll,01/02/2013,1.668095
Kitchen Roll,01/03/2013,1.685197
Kitchen Roll,01/04/2013,1.71694
Kitchen Roll,01/05/2013,1.691259
Kitchen Roll,01/06/2013,1.691259
Kitchen Roll,01/07/2013,1.68637
Kitchen Roll,01/08/2013,1.651812
Kitchen Roll,01/09/2013,1.754478
Kitchen Roll,01/10/2013,1.705778
Kitchen Roll,01/11/2013,1.743258
Kitchen Roll,01/12/2013,1.777333
Kitchen Roll,01/01/2014,1.74072
Kitchen Roll,01/02/2014,1.712137
Kitchen Roll,01/03/2014,1.736045
Kitchen Roll,01/04/2014,1.791985
Kitchen Roll,01/05/2014,1.757612
Kitchen Roll,01/06/2014,1.672672
Kitchen Roll,01/07/2014,1.731846
Kitchen Roll,01/08/2014,1.720077
Kitchen Roll,01/09/2014,1.745522
Kitchen Roll,01/10/2014,1.695267
Kitchen Roll,01/11/2014,1.711705
Kitchen Roll,01/12/2014,1.601894
Kitchen Roll,01/01/2015,1.698168
Kitchen Roll,01/02/2015,1.647565
Kitchen Roll,01/03/2015,1.701613
Kitchen Roll,01/04/2015,1.586765
Kitchen Roll,01/05/2015,1.612168
Kitchen Roll,01/06/2015,1.638881
Kitchen Roll,01/07/2015,1.643429
Kitchen Roll,01/08/2015,1.591608
Kitchen Roll,01/09/2015,1.656479
Kitchen Roll,01/10/2015,1.615294
Kitchen Roll,01/11/2015,1.657887
Kitchen Roll,01/12/2015,1.627612
Kitchen Roll,01/01/2016,1.62539
Kitchen Roll,01/02/2016,1.655926
Kitchen Roll,01/03/2016,1.690072
Kitchen Roll,01/04/2016,1.590588
Kitchen Roll,01/05/2016,1.613015
Kitchen Roll,01/06/2016,1.614733
Kitchen Roll,01/07/2016,1.634234
Kitchen Roll,01/08/2016,1.585435
Kitchen Roll,01/09/2016,1.586454
Kitchen Roll,01/10/2016,1.593379
Kitchen Roll,01/11/2016,1.553788
Kitchen Roll,01/12/2016,1.522714
Kitchen Roll,01/01/2017,1.629929
Kitchen Roll,01/02/2017,1.598889
Kitchen Roll,01/03/2017,1.5975
Kitchen Roll,01/04/2017,1.640584
Kitchen Roll,01/05/2017,1.531527
Kitchen Roll,01/06/2017,1.603651
Kitchen Roll,01/07/2017,1.486139
Kitchen Roll,01/08/2017,1.542157
Kitchen Roll,01/09/2017,1.581101
Kitchen Roll,01/10/2017,1.668823
Kitchen Roll,01/11/2017,1.78062
Kitchen Roll,01/12/2017,1.8555
Kitchen Roll,01/01/2018,1.792734
Kitchen Roll,01/02/2018,1.76194
Kitchen Roll,01/03/2018,1.823116
Kitchen Roll,01/04/2018,1.766842
Kitchen Roll,01/05/2018,1.871449
Kitchen Roll,01/06/2018,1.889014
Kitchen Roll,01/07/2018,1.914518
Kitchen Roll,01/08/2018,1.916071
Kitchen Roll,01/09/2018,1.855245
Kitchen Roll,01/10/2018,1.85774
Kitchen Roll,01/11/2018,1.914324
Kitchen Roll,01/12/2018,1.838276
Kitchen Roll,01/01/2019,1.925804
Kitchen Roll,01/02/2019,1.839154
Kitchen Roll,01/03/2019,1.878511
Kitchen Roll,01/04/2019,1.901736
Kitchen Roll,01/05/2019,1.857183
Kitchen Roll,01/06/2019,1.903826
Kitchen Roll,01/07/2019,1.965274
Kitchen Roll,01/08/2019,1.849712
Kitchen Roll,01/09/2019,1.970224
Kitchen Roll,01/10/2019,2.031797
Kitchen Roll,01/11/2019,1.957591
Kitchen Roll,01/12/2019,1.957293
Kitchen Roll,01/01/2020,1.916786
Kitchen Roll,01/02/2020,1.958623
Kitchen Roll,01/03/2020,2.047949
Kitchen Roll,01/04/2020,2.229655
Kitchen Roll,01/05/2020,2.541463
Kitchen Roll,01/06/2020,2.467222
Kitchen Roll,01/07/2020,2.477863
Kitchen Roll,01/08/2020,2.045345
Kitchen Roll,01/09/2020,2.095126
Kitchen Roll,01/10/2020,2.145492
Kitchen Roll,01/11/2020,2.19697
Kitchen Roll,01/12/2020,2.336133
Kitchen Roll,01/01/2021,2.207563
Kitchen Roll,01/02/2021,2.298785
Kitchen Roll,01/03/2021,2.229322
Kitchen Roll,01/04/2021,2.099924
Kitchen Roll,01/05/2021,2.145909
Kitchen Roll,01/06/2021,2.113936
Kitchen Roll,01/07/2021,2.158527
Kitchen Roll,01/08/2021,2.170079
Kitchen Roll,01/09/2021,2.25125
Kitchen Roll,01/10/2021,2.339422
Kitchen Roll,01/11/2021,2.358254
Kitchen Roll,01/12/2021,2.37328
Kitchen Roll,01/01/2022,2.437632
Kitchen Roll,01/02/2022,2.442348
Kitchen Roll,01/03/2022,2.53063
Kitchen Roll,01/04/2022,2.57687
Kitchen Roll,01/05/2022,2.82913
Kitchen Roll,01/06/2022,2.855161
Kitchen Roll,01/07/2022,2.998688
Kitchen Roll,01/08/2022,3.027273
Kitchen Roll,01/09/2022,3.13982
Kitchen Roll,01/10/2022,3.336048
Kitchen Roll,01/11/2022,3.305892
Mascara,01/02/1993,2.535271
Mascara,01/03/1993,2.530355
Mascara,01/04/1993,2.56331
Mascara,01/05/1993,2.572433
Mascara,01/06/1993,2.584865
Mascara,01/07/1993,2.61
Mascara,01/08/1993,2.651921
Mascara,01/09/1993,2.650132
Mascara,01/10/1993,2.680331
Mascara,01/11/1993,2.795
Mascara,01/12/1993,2.782014
Mascara,01/01/1994,2.781419
Mascara,01/02/1994,2.942361
Mascara,01/03/1994,2.980493
Mascara,01/04/1994,2.928112
Mascara,01/05/1994,2.886273
Mascara,01/06/1994,2.871656
Mascara,01/07/1994,2.93494
Mascara,01/08/1994,2.910694
Mascara,01/09/1994,2.910621
Mascara,01/10/1994,2.966625
Mascara,01/11/1994,2.978343
Mascara,01/12/1994,2.992785
Mascara,01/01/1995,2.948704
Mascara,01/02/1995,2.893168
Mascara,01/03/1995,2.937246
Mascara,01/04/1995,2.985111
Mascara,01/05/1995,2.967143
Mascara,01/06/1995,2.977219
Mascara,01/07/1995,2.987341
Mascara,01/08/1995,2.893064
Mascara,01/09/1995,2.915435
Mascara,01/10/1995,2.932742
Mascara,01/11/1995,2.973838
Mascara,01/12/1995,2.966263
Mascara,01/01/1996,2.93555
Mascara,01/02/1996,3.098944
Mascara,01/03/1996,3.132135
Mascara,01/04/1996,3.1495
Mascara,01/05/1996,3.178232
Mascara,01/06/1996,3.213642
Mascara,01/07/1996,3.127933
Mascara,01/08/1996,3.221895
Mascara,01/09/1996,3.477615
Mascara,01/10/1996,3.357733
Mascara,01/11/1996,3.400268
Mascara,01/12/1996,3.420671
Mascara,01/01/1997,3.421486
Mascara,01/02/1997,3.474868
Mascara,01/03/1997,3.582313
Mascara,01/04/1997,3.611812
Mascara,01/05/1997,3.655507
Mascara,01/06/1997,3.63625
Mascara,01/07/1997,3.7728
Mascara,01/08/1997,3.64649
Mascara,01/09/1997,3.616755
Mascara,01/10/1997,3.629384
Mascara,01/11/1997,3.912313
Mascara,01/12/1997,3.887422
Mascara,01/01/1998,3.966357
Mascara,01/02/1998,4.227607
Mascara,01/03/1998,4.20281
Mascara,01/04/1998,4.217607
Mascara,01/05/1998,4.203396
Mascara,01/06/1998,4.570784
Mascara,01/07/1998,4.557547
Mascara,01/08/1998,4.511271
Mascara,01/09/1998,4.496639
Mascara,01/10/1998,4.466
Mascara,01/11/1998,4.396283
Mascara,01/12/1998,4.360087
Mascara,01/01/1999,4.518791
Mascara,01/02/1999,4.449231
Mascara,01/03/1999,4.572414
Mascara,01/04/1999,4.610087
Mascara,01/05/1999,4.652035
Mascara,01/06/1999,4.559138
Mascara,01/07/1999,4.520085
Mascara,01/08/1999,4.522845
Mascara,01/09/1999,4.594102
Mascara,01/10/1999,4.59188
Mascara,01/11/1999,4.534463
Mascara,01/12/1999,4.542276
Mascara,01/01/2000,4.365691
Mascara,01/02/2000,4.487333
Mascara,01/03/2000,4.488916
Mascara,01/04/2000,4.423801
Mascara,01/05/2000,4.410726
Mascara,01/06/2000,4.480909
Mascara,01/07/2000,4.470342
Mascara,01/08/2000,4.512759
Mascara,01/09/2000,4.474417
Mascara,01/10/2000,4.454035
Mascara,01/11/2000,4.4885
Mascara,01/12/2000,4.478333
Mascara,01/01/2001,4.415083
Mascara,01/02/2001,4.647666
Mascara,01/03/2001,4.748814
Mascara,01/04/2001,4.756967
Mascara,01/05/2001,4.838174
Mascara,01/06/2001,5.016638
Mascara,01/07/2001,5.0095
Mascara,01/08/2001,4.943305
Mascara,01/09/2001,5.041695
Mascara,01/10/2001,4.981176
Mascara,01/11/2001,5.100263
Mascara,01/12/2001,5.122308
Mascara,01/01/2002,5.192479
Mascara,01/02/2002,5.338686
Mascara,01/03/2002,5.270282
Mascara,01/04/2002,5.408421
Mascara,01/05/2002,5.427349
Mascara,01/06/2002,5.498538
Mascara,01/07/2002,5.359023
Mascara,01/08/2002,5.421838
Mascara,01/09/2002,5.427122
Mascara,01/10/2002,5.569143
Mascara,01/11/2002,5.514724
Mascara,01/12/2002,5.520242
Mascara,01/01/2003,5.639635
Mascara,01/02/2003,5.482985
Mascara,01/03/2003,5.507761
Mascara,01/04/2003,5.647833
Mascara,01/05/2003,5.646583
Mascara,01/06/2003,5.696891
Mascara,01/07/2003,5.662203
Mascara,01/08/2003,5.664033
Mascara,01/09/2003,5.707815
Mascara,01/10/2003,5.640992
Mascara,01/11/2003,5.714275
Mascara,01/12/2003,5.844724
Mascara,01/01/2004,5.869678
Mascara,01/02/2004,5.870459
Mascara,01/03/2004,5.939052
Mascara,01/04/2004,5.984416
Mascara,01/05/2004,6.066068
Mascara,01/06/2004,6.032308
Mascara,01/07/2004,6.092966
Mascara,01/08/2004,6.072231
Mascara,01/09/2004,6.054667
Mascara,01/10/2004,6.0395
Mascara,01/11/2004,6.049661
Mascara,01/12/2004,6.040916
Mascara,01/01/2005,5.976557
Mascara,01/02/2005,5.955221
Mascara,01/03/2005,6.247292
Mascara,01/04/2005,6.274375
Mascara,01/05/2005,5.371666
Mascara,01/06/2005,6.416091
Mascara,01/07/2005,6.486271
Mascara,01/08/2005,6.394218
Mascara,01/09/2005,6.36336
Mascara,01/10/2005,6.435781
Mascara,01/11/2005,6.47937
Mascara,01/12/2005,6.502847
Mascara,01/01/2006,6.369403
Mascara,01/02/2006,6.732443
Mascara,01/03/2006,6.912992
Mascara,01/04/2006,6.677727
Mascara,01/05/2006,6.906641
Mascara,01/06/2006,6.917985
Mascara,01/07/2006,6.983796
Mascara,01/08/2006,6.993066
Mascara,01/09/2006,6.975547
Mascara,01/10/2006,7.070719
Mascara,01/11/2006,7.038794
Mascara,01/12/2006,7.117785
Mascara,01/01/2007,7.125373
Mascara,01/02/2007,6.504576
Mascara,01/03/2007,6.709016
Mascara,01/04/2007,6.669946
Mascara,01/05/2007,6.732819
Mascara,01/06/2007,6.737631
Mascara,01/07/2007,6.773316
Mascara,01/08/2007,6.927358
Mascara,01/09/2007,6.797526
Mascara,01/10/2007,6.841204
Mascara,01/11/2007,6.819427
Mascara,01/12/2007,6.891347
Mascara,01/01/2008,6.832513
Mascara,01/02/2008,6.921702
Mascara,01/03/2008,6.883817
Mascara,01/04/2008,6.919022
Mascara,01/05/2008,6.820968
Mascara,01/06/2008,6.907434
Mascara,01/07/2008,7.044
Mascara,01/08/2008,7.082737
Mascara,01/09/2008,7.101383
Mascara,01/10/2008,7.14254
Mascara,01/11/2008,7.063854
Mascara,01/12/2008,6.91356
Mascara,01/01/2009,6.933838
Mascara,01/02/2009,7.220738
Mascara,01/03/2009,7.321376
Mascara,01/04/2009,7.414468
Mascara,01/05/2009,7.362074
Mascara,01/06/2009,7.344043
Mascara,01/07/2009,7.527287
Mascara,01/08/2009,7.513474
Mascara,01/09/2009,7.270308
Mascara,01/10/2009,7.44
Mascara,01/11/2009,7.417435
Mascara,01/12/2009,7.467092
Mascara,01/01/2010,7.583368
Mascara,01/02/2010,7.682222
Mascara,01/03/2010,7.549057
Mascara,01/04/2010,7.587204
Mascara,01/05/2010,7.691667
Mascara,01/06/2010,7.720269
Mascara,01/07/2010,7.743925
Mascara,01/08/2010,7.802717
Mascara,01/09/2010,7.731146
Mascara,01/10/2010,7.715421
Mascara,01/11/2010,7.661813
Mascara,01/12/2010,7.786632
Mascara,01/01/2011,7.822114
Mascara,01/02/2011,7.804919
Mascara,01/03/2011,7.877696
Mascara,01/04/2011,7.724352
Mascara,01/05/2011,7.671414
Mascara,01/06/2011,7.800204
Mascara,01/07/2011,7.671263
Mascara,01/08/2011,7.783367
Mascara,01/09/2011,7.626318
Mascara,01/10/2011,7.56645
Mascara,01/11/2011,7.838693
Mascara,01/12/2011,7.614335
Mascara,01/01/2012,7.591969
Mascara,01/02/2012,7.730582
Mascara,01/03/2012,7.721828
Mascara,01/04/2012,7.689091
Mascara,01/05/2012,7.831269
Mascara,01/06/2012,7.795737
Mascara,01/07/2012,7.683231
Mascara,01/08/2012,7.636479
Mascara,01/09/2012,7.831675
Mascara,01/10/2012,7.947179
Mascara,01/11/2012,7.829391
Mascara,01/12/2012,7.698615
Mascara,01/01/2013,7.538492
Mascara,01/02/2013,7.915238
Mascara,01/03/2013,7.872216
Mascara,01/04/2013,7.880974
Mascara,01/05/2013,7.853523
Mascara,01/06/2013,7.805156
Mascara,01/07/2013,7.942908
Mascara,01/08/2013,7.97593
Mascara,01/09/2013,7.877626
Mascara,01/10/2013,7.769951
Mascara,01/11/2013,7.826256
Mascara,01/12/2013,7.732944
Mascara,01/01/2014,7.647563
Mascara,01/02/2014,7.78016
Mascara,01/03/2014,7.6904
Mascara,01/04/2014,7.651752
Mascara,01/05/2014,7.830937
Mascara,01/06/2014,7.80974
Mascara,01/07/2014,7.984
Mascara,01/08/2014,7.911989
Mascara,01/09/2014,7.968571
Mascara,01/10/2014,7.786276
Mascara,01/11/2014,7.859692
Mascara,01/12/2014,7.775436
Mascara,01/01/2015,7.700816
Mascara,01/02/2015,7.684783
Mascara,01/03/2015,7.911546
Mascara,01/04/2015,7.905779
Mascara,01/05/2015,7.850612
Mascara,01/06/2015,7.888826
Mascara,01/07/2015,8.011866
Mascara,01/08/2015,7.907617
Mascara,01/09/2015,7.942827
Mascara,01/10/2015,7.922124
Mascara,01/11/2015,8.052629
Mascara,01/12/2015,8.052872
Mascara,01/01/2016,8.118684
Mascara,01/02/2016,8.305847
Mascara,01/03/2016,8.271276
Mascara,01/04/2016,8.157876
Mascara,01/05/2016,8.327449
Mascara,01/06/2016,8.263434
Mascara,01/07/2016,8.448376
Mascara,01/08/2016,8.246497
Mascara,01/09/2016,8.236332
Mascara,01/10/2016,8.16398
Mascara,01/11/2016,8.24147
Mascara,01/12/2016,8.22801
Mascara,01/01/2017,8.232961
Mascara,01/02/2017,8.52634
Mascara,01/03/2017,8.493631
Mascara,01/04/2017,8.625366
Mascara,01/05/2017,8.560769
Mascara,01/06/2017,8.616473
Mascara,01/07/2017,8.615893
Mascara,01/08/2017,8.669317
Mascara,01/09/2017,8.784686
Mascara,01/10/2017,8.8593
Mascara,01/11/2017,8.822107
Mascara,01/12/2017,8.836117
Mascara,01/01/2018,8.915274
Mascara,01/02/2018,9.304502
Mascara,01/03/2018,9.055468
Mascara,01/04/2018,9.269019
Mascara,01/05/2018,9.141658
Mascara,01/06/2018,9.20917
Mascara,01/07/2018,9.16
Mascara,01/08/2018,9.087561
Mascara,01/09/2018,9.225825
Mascara,01/10/2018,9.358186
Mascara,01/11/2018,9.113762
Mascara,01/12/2018,9.183
Mascara,01/01/2019,9.077766
Mascara,01/02/2019,9.082486
Mascara,01/03/2019,9.324869
Mascara,01/04/2019,9.14665
Mascara,01/05/2019,9.222425
Mascara,01/06/2019,9.490406
Mascara,01/07/2019,9.259303
Mascara,01/08/2019,9.231786
Mascara,01/09/2019,9.111174
Mascara,01/10/2019,9.379436
Mascara,01/11/2019,9.564176
Mascara,01/12/2019,9.298472
Mascara,01/01/2020,9.204344
Mascara,01/02/2020,9.054627
Mascara,01/03/2020,9.105474
Mascara,01/04/2020,9.680089
Mascara,01/05/2020,9.874752
Mascara,01/06/2020,9.494713
Mascara,01/07/2020,9.58679
Mascara,01/08/2020,9.052333
Mascara,01/09/2020,9.320222
Mascara,01/10/2020,9.312011
Mascara,01/11/2020,9.954785
Mascara,01/12/2020,10.15458
Mascara,01/01/2021,9.917044
Mascara,01/02/2021,10.175
Mascara,01/03/2021,9.872023
Mascara,01/04/2021,9.653167
Mascara,01/05/2021,9.446319
Mascara,01/06/2021,9.132445
Mascara,01/07/2021,8.862127
Mascara,01/08/2021,8.61269
Mascara,01/09/2021,8.877363
Mascara,01/10/2021,8.977806
Mascara,01/11/2021,8.88066
Mascara,01/12/2021,8.913609
Mascara,01/01/2022,8.234503
Mascara,01/02/2022,8.042967
Mascara,01/03/2022,8.181732
Mascara,01/04/2022,8.782337
Mascara,01/05/2022,8.797906
Mascara,01/06/2022,8.992606
Mascara,01/07/2022,8.818969
Mascara,01/08/2022,8.920585
Mascara,01/09/2022,9.069351
Mascara,01/10/2022,9.188827
Mascara,01/11/2022,9.033675
Soap,01/02/2010,1.229244
Soap,01/03/2010,1.257035
Soap,01/04/2010,1.259956
Soap,01/05/2010,1.322488
Soap,01/06/2010,1.377017
Soap,01/07/2010,1.336522
Soap,01/08/2010,1.359185
Soap,01/09/2010,1.387797
Soap,01/10/2010,1.430043
Soap,01/11/2010,1.404932
Soap,01/12/2010,1.492564
Soap,01/01/2011,1.392096
Soap,01/02/2011,1.31982
Soap,01/03/2011,1.374359
Soap,01/04/2011,1.433288
Soap,01/05/2011,1.338498
Soap,01/06/2011,1.446426
Soap,01/07/2011,1.31083
Soap,01/08/2011,1.367939
Soap,01/09/2011,1.3
Soap,01/10/2011,1.45645
Soap,01/11/2011,1.431549
Soap,01/12/2011,1.36962
Soap,01/01/2012,1.455733
Soap,01/02/2012,1.418908
Soap,01/03/2012,1.393139
Soap,01/04/2012,1.409114
Soap,01/05/2012,1.388475
Soap,01/06/2012,1.493617
Soap,01/07/2012,1.373879
Soap,01/08/2012,1.35875
Soap,01/09/2012,1.374703
Soap,01/10/2012,1.451239
Soap,01/11/2012,1.520446
Soap,01/12/2012,1.482051
Soap,01/01/2013,1.439789
Soap,01/02/2013,1.454735
Soap,01/03/2013,1.528865
Soap,01/04/2013,1.483649
Soap,01/05/2013,1.458227
Soap,01/06/2013,1.539481
Soap,01/07/2013,1.485695
Soap,01/08/2013,1.497094
Soap,01/09/2013,1.578979
Soap,01/10/2013,1.46674
Soap,01/11/2013,1.503018
Soap,01/12/2013,1.390762
Soap,01/01/2014,1.446211
Soap,01/02/2014,1.499865
Soap,01/03/2014,1.417545
Soap,01/04/2014,1.430444
Soap,01/05/2014,1.480513
Soap,01/06/2014,1.408276
Soap,01/07/2014,1.442424
Soap,01/08/2014,1.403484
Soap,01/09/2014,1.479123
Soap,01/10/2014,1.454823
Soap,01/11/2014,1.409241
Soap,01/12/2014,1.479432
Soap,01/01/2015,1.474914
Soap,01/02/2015,1.466769
Soap,01/03/2015,1.463835
Soap,01/04/2015,1.439875
Soap,01/05/2015,1.449264
Soap,01/06/2015,1.260215
Soap,01/07/2015,1.500814
Soap,01/08/2015,1.40187
Soap,01/09/2015,1.384477
Soap,01/10/2015,1.478613
Soap,01/11/2015,1.351303
Soap,01/12/2015,1.401942
Soap,01/01/2016,1.320252
Soap,01/02/2016,1.27169
Soap,01/03/2016,1.368894
Soap,01/04/2016,1.385281
Soap,01/05/2016,1.402381
Soap,01/06/2016,1.295796
Soap,01/07/2016,1.365132
Soap,01/08/2016,1.276062
Soap,01/09/2016,1.447932
Soap,01/10/2016,1.366709
Soap,01/11/2016,1.371441
Soap,01/12/2016,1.363557
Soap,01/01/2017,1.346822
Soap,01/02/2017,1.35625
Soap,01/03/2017,1.252949
Soap,01/04/2017,1.319068
Soap,01/05/2017,1.243
Soap,01/06/2017,1.3175
Soap,01/07/2017,1.277155
Soap,01/08/2017,1.268502
Soap,01/09/2017,1.279386
Soap,01/10/2017,1.311603
Soap,01/11/2017,1.223822
Soap,01/12/2017,1.243264
Soap,01/01/2018,1.28566
Soap,01/02/2018,1.289138
Soap,01/03/2018,1.271645
Soap,01/04/2018,1.311042
Soap,01/05/2018,1.320422
Soap,01/06/2018,1.436125
Soap,01/07/2018,1.305109
Soap,01/08/2018,1.459264
Soap,01/09/2018,1.320336
Soap,01/10/2018,1.413568
Soap,01/11/2018,1.565526
Soap,01/12/2018,1.293176
Soap,01/01/2019,1.506846
Soap,01/02/2019,1.544664
Soap,01/03/2019,1.265753
Soap,01/04/2019,1.4729
Soap,01/05/2019,1.366736
Soap,01/06/2019,1.428917
Soap,01/07/2019,1.35675
Soap,01/08/2019,1.500165
Soap,01/09/2019,1.387948
Soap,01/10/2019,1.362089
Soap,01/11/2019,1.454813
Soap,01/12/2019,1.407
Soap,01/01/2020,1.361883
Soap,01/02/2020,1.359953
Soap,01/03/2020,1.504839
Soap,01/04/2020,1.424118
Soap,01/05/2020,1.449318
Soap,01/06/2020,1.575471
Soap,01/07/2020,1.614725
Soap,01/08/2020,1.549845
Soap,01/09/2020,1.493333
Soap,01/10/2020,1.536143
Soap,01/11/2020,1.437081
Soap,01/12/2020,1.310577
Soap,01/01/2021,1.515556
Soap,01/02/2021,1.621227
Soap,01/03/2021,1.568165
Soap,01/04/2021,1.535
Soap,01/05/2021,1.521564
Soap,01/06/2021,1.490602
Soap,01/07/2021,1.491266
Soap,01/08/2021,1.479022
Soap,01/09/2021,1.435153
Soap,01/10/2021,1.433795
Soap,01/11/2021,1.516314
Soap,01/12/2021,1.48087
Soap,01/01/2022,1.533629
Soap,01/02/2022,1.410093
Soap,01/03/2022,1.515956
Soap,01/04/2022,1.504511
Soap,01/05/2022,1.448534
Soap,01/06/2022,1.512185
Soap,01/07/2022,1.500886
Soap,01/08/2022,1.525336
Soap,01/09/2022,1.442743
Soap,01/10/2022,1.588423
Soap,01/11/2022,1.520676
Tampons,01/02/1988,0.6113077
Tampons,01/03/1988,0.6100813
Tampons,01/04/1988,0.6125564
Tampons,01/05/1988,0.6162308
Tampons,01/06/1988,0.6167188
Tampons,01/07/1988,0.6215447
Tampons,01/09/1988,0.63288
Tampons,01/10/1988,0.6368217
Tampons,01/11/1988,0.6451145
Tampons,01/12/1988,0.6490511
Tampons,01/01/1989,0.64752
Tampons,01/03/1989,0.6577372
Tampons,01/05/1989,0.6789843
Tampons,01/06/1989,0.6866412
Tampons,01/07/1989,0.6860448
Tampons,01/08/1989,0.6877953
Tampons,01/09/1989,0.6921212
Tampons,01/10/1989,0.6922835
Tampons,01/11/1989,0.6948438
Tampons,01/12/1989,0.6967442
Tampons,01/01/1990,0.7009702
Tampons,01/02/1990,0.7214286
Tampons,01/03/1990,0.7310792
Tampons,01/04/1990,0.7416058
Tampons,01/05/1990,0.7427008
Tampons,01/06/1990,0.7429578
Tampons,01/07/1990,0.7413334
Tampons,01/08/1990,0.7453623
Tampons,01/09/1990,0.7692029
Tampons,01/10/1990,0.7740151
Tampons,01/11/1990,0.7793571
Tampons,01/12/1990,0.7889474
Tampons,01/01/1991,0.7850847
Tampons,01/02/1991,0.7944882
Tampons,01/03/1991,0.7936111
Tampons,01/04/1991,0.8156
Tampons,01/05/1991,0.8515126
Tampons,01/06/1991,0.8674627
Tampons,01/07/1991,0.8741791
Tampons,01/08/1991,0.8829927
Tampons,01/09/1991,0.8873249
Tampons,01/10/1991,0.8927922
Tampons,01/11/1991,0.9168831
Tampons,01/12/1991,0.9267284
Tampons,01/01/1992,0.9366463
Tampons,01/02/1992,0.9233519
Tampons,01/03/1992,0.9189081
Tampons,01/04/1992,0.9168367
Tampons,01/05/1992,0.9224747
Tampons,01/06/1992,0.9244737
Tampons,01/07/1992,0.8917647
Tampons,01/08/1992,0.8982609
Tampons,01/09/1992,0.8871276
Tampons,01/10/1992,0.9009551
Tampons,01/11/1992,0.8991429
Tampons,01/12/1992,0.8966666
Tampons,01/01/1993,0.9022989
Tampons,01/02/1993,0.9022703
Tampons,01/03/1993,0.9123196
Tampons,01/04/1993,0.9001042
Tampons,01/05/1993,0.8961735
Tampons,01/06/1993,0.8995122
Tampons,01/07/1993,0.9059904
Tampons,01/08/1993,0.9087317
Tampons,01/09/1993,0.9151724
Tampons,01/10/1993,0.9193333
Tampons,01/11/1993,0.9794301
Tampons,01/12/1993,1.009598
Tampons,01/01/1994,1.017562
Tampons,01/02/1994,1.038689
Tampons,01/03/1994,1.048956
Tampons,01/04/1994,1.066885
Tampons,01/05/1994,1.081333
Tampons,01/06/1994,1.07785
Tampons,01/07/1994,1.085592
Tampons,01/08/1994,1.097029
Tampons,01/09/1994,1.095665
Tampons,01/10/1994,1.091931
Tampons,01/11/1994,1.086117
Tampons,01/12/1994,1.082584
Tampons,01/01/1995,1.079856
Tampons,01/02/1995,1.078505
Tampons,01/03/1995,1.072487
Tampons,01/04/1995,1.094888
Tampons,01/05/1995,1.098919
Tampons,01/06/1995,1.097679
Tampons,01/07/1995,1.132626
Tampons,01/08/1995,1.114525
Tampons,01/09/1995,1.143033
Tampons,01/10/1995,1.155963
Tampons,01/11/1995,1.157097
Tampons,01/12/1995,1.168009
Tampons,01/01/1996,1.176239
Tampons,01/02/1996,1.195349
Tampons,01/03/1996,1.188037
Tampons,01/04/1996,1.196091
Tampons,01/05/1996,1.198393
Tampons,01/06/1996,1.217644
Tampons,01/07/1996,1.178664
Tampons,01/08/1996,1.192473
Tampons,01/09/1996,1.195174
Tampons,01/10/1996,1.204725
Tampons,01/11/1996,1.204382
Tampons,01/12/1996,1.19663
Tampons,01/01/1997,1.194722
Tampons,01/02/1997,1.200703
Tampons,01/03/1997,1.200865
Tampons,01/04/1997,1.204332
Tampons,01/05/1997,1.205806
Tampons,01/06/1997,1.204696
Tampons,01/07/1997,1.198251
Tampons,01/08/1997,1.206486
Tampons,01/09/1997,1.204194
Tampons,01/10/1997,1.199893
Tampons,01/11/1997,1.204392
Tampons,01/12/1997,1.204511
Tampons,01/01/1998,1.204426
Tampons,01/02/1998,1.310952
Tampons,01/03/1998,1.32396
Tampons,01/04/1998,1.31871
Tampons,01/05/1998,1.337974
Tampons,01/06/1998,1.338758
Tampons,01/07/1998,1.343355
Tampons,01/08/1998,1.337785
Tampons,01/09/1998,1.33758
Tampons,01/10/1998,1.336087
Tampons,01/11/1998,1.41575
Tampons,01/12/1998,1.439479
Tampons,01/01/1999,1.576465
Tampons,01/02/1999,1.588955
Tampons,01/03/1999,1.590483
Tampons,01/04/1999,1.613176
Tampons,01/05/1999,1.608552
Tampons,01/06/1999,1.617347
Tampons,01/07/1999,1.612905
Tampons,01/08/1999,1.653758
Tampons,01/09/1999,1.63268
Tampons,01/10/1999,1.591712
Tampons,01/11/1999,1.551391
Tampons,01/12/1999,1.559673
Tampons,01/01/2000,1.557208
Tampons,01/02/2000,1.547973
Tampons,01/03/2000,1.549396
Tampons,01/04/2000,1.548859
Tampons,01/05/2000,1.544133
Tampons,01/06/2000,1.487083
Tampons,01/07/2000,1.498028
Tampons,01/08/2000,1.509932
Tampons,01/09/2000,1.500069
Tampons,01/10/2000,1.504932
Tampons,01/11/2000,1.51483
Tampons,01/12/2000,1.522483
Tampons,01/01/2001,1.453919
Tampons,01/02/2001,1.45634
Tampons,01/03/2001,1.418041
Tampons,01/04/2001,1.350933
Tampons,01/05/2001,1.388378
Tampons,01/06/2001,1.397436
Tampons,01/07/2001,1.381019
Tampons,01/08/2001,1.357692
Tampons,01/09/2001,1.356776
Tampons,01/10/2001,1.333057
Tampons,01/11/2001,1.38981
Tampons,01/12/2001,1.379419
Tampons,01/01/2002,1.385577
Tampons,01/02/2002,1.402027
Tampons,01/03/2002,1.402368
Tampons,01/04/2002,1.354
Tampons,01/05/2002,1.374228
Tampons,01/06/2002,1.354437
Tampons,01/07/2002,1.365395
Tampons,01/08/2002,1.364581
Tampons,01/09/2002,1.37461
Tampons,01/10/2002,1.38421
Tampons,01/11/2002,1.332416
Tampons,01/12/2002,1.348235
Tampons,01/01/2003,1.350461
Tampons,01/02/2003,1.350043
Tampons,01/03/2003,1.36
Tampons,01/04/2003,1.351531
Tampons,01/05/2003,1.355561
Tampons,01/06/2003,1.350751
Tampons,01/07/2003,1.358692
Tampons,01/08/2003,1.359721
Tampons,01/09/2003,1.353585
Tampons,01/10/2003,1.337923
Tampons,01/11/2003,1.329607
Tampons,01/12/2003,1.334217
Tampons,01/01/2004,1.333362
Tampons,01/02/2004,1.322188
Tampons,01/03/2004,1.326563
Tampons,01/04/2004,1.337716
Tampons,01/05/2004,1.332511
Tampons,01/06/2004,1.318565
Tampons,01/07/2004,1.329031
Tampons,01/08/2004,1.342308
Tampons,01/09/2004,1.32177
Tampons,01/10/2004,1.332762
Tampons,01/11/2004,1.294163
Tampons,01/12/2004,1.292112
Tampons,01/01/2005,1.292402
Tampons,01/02/2005,1.303229
Tampons,01/03/2005,1.320929
Tampons,01/04/2005,1.303117
Tampons,01/05/2005,1.260898
Tampons,01/06/2005,1.296842
Tampons,01/07/2005,1.306725
Tampons,01/08/2005,1.296622
Tampons,01/09/2005,1.311195
Tampons,01/10/2005,1.315043
Tampons,01/11/2005,1.323717
Tampons,01/12/2005,1.308103
Tampons,01/01/2006,1.319683
Tampons,01/02/2006,1.325488
Tampons,01/03/2006,1.305841
Tampons,01/04/2006,1.294491
Tampons,01/05/2006,1.351169
Tampons,01/06/2006,1.364103
Tampons,01/07/2006,1.365085
Tampons,01/08/2006,1.363761
Tampons,01/09/2006,1.349957
Tampons,01/10/2006,1.350175
Tampons,01/11/2006,1.36694
Tampons,01/12/2006,1.359407
Tampons,01/01/2007,1.339869
Tampons,01/02/2007,1.323451
Tampons,01/03/2007,1.340917
Tampons,01/04/2007,1.35443
Tampons,01/05/2007,1.378243
Tampons,01/06/2007,1.38058
Tampons,01/07/2007,1.378348
Tampons,01/08/2007,1.356784
Tampons,01/09/2007,1.362251
Tampons,01/10/2007,1.347013
Tampons,01/11/2007,1.335541
Tampons,01/12/2007,1.335609
Tampons,01/01/2008,1.34803
Tampons,01/02/2008,1.38213
Tampons,01/03/2008,1.379216
Tampons,01/04/2008,1.415806
Tampons,01/05/2008,1.479859
Tampons,01/06/2008,1.600543
Tampons,01/07/2008,1.664396
Tampons,01/08/2008,1.722279
Tampons,01/09/2008,1.733239
Tampons,01/10/2008,1.724465
Tampons,01/11/2008,1.691644
Tampons,01/12/2008,1.787943
Tampons,01/01/2009,1.745355
Tampons,01/02/2009,1.790279
Tampons,01/03/2009,1.789095
Tampons,01/04/2009,1.760045
Tampons,01/05/2009,1.751822
Tampons,01/06/2009,1.823056
Tampons,01/07/2009,1.808396
Tampons,01/08/2009,1.796651
Tampons,01/09/2009,1.748235
Tampons,01/10/2009,1.822087
Tampons,01/11/2009,1.735931
Tampons,01/12/2009,1.737706
Tampons,01/01/2010,1.716956
Tampons,01/02/2010,1.873524
Tampons,01/03/2010,1.784253
Tampons,01/04/2010,1.836426
Tampons,01/05/2010,1.798225
Tampons,01/06/2010,1.847826
Tampons,01/07/2010,1.790297
Tampons,01/08/2010,1.863734
Tampons,01/09/2010,1.870726
Tampons,01/10/2010,1.832222
Tampons,01/11/2010,1.845
Tampons,01/12/2010,1.857276
Tampons,01/01/2011,1.893902
Tampons,01/02/2011,1.948319
Tampons,01/03/2011,1.921941
Tampons,01/04/2011,2.02723
Tampons,01/05/2011,2.058095
Tampons,01/06/2011,2.053062
Tampons,01/07/2011,2.081286
Tampons,01/08/2011,2.019952
Tampons,01/09/2011,2.011403
Tampons,01/10/2011,1.932857
Tampons,01/11/2011,1.964435
Tampons,01/12/2011,1.931753
Tampons,01/01/2012,2.000119
Tampons,01/02/2012,2.005466
Tampons,01/03/2012,1.982967
Tampons,01/04/2012,2.008945
Tampons,01/05/2012,2.033975
Tampons,01/06/2012,2.000673
Tampons,01/07/2012,2.003291
Tampons,01/08/2012,1.950437
Tampons,01/09/2012,2.031271
Tampons,01/10/2012,2.00524
Tampons,01/11/2012,1.974958
Tampons,01/12/2012,1.940446
Tampons,01/01/2013,2.012339
Tampons,01/02/2013,2.014783
Tampons,01/03/2013,2.00738
Tampons,01/04/2013,2.037619
Tampons,01/05/2013,2.02875
Tampons,01/06/2013,2.036597
Tampons,01/07/2013,2.032605
Tampons,01/08/2013,1.996735
Tampons,01/09/2013,2.088455
Tampons,01/10/2013,2.01412
Tampons,01/11/2013,2.08253
Tampons,01/12/2013,2.141166
Tampons,01/01/2014,2.064153
Tampons,01/02/2014,2.057033
Tampons,01/03/2014,2.070691
Tampons,01/04/2014,2.031745
Tampons,01/05/2014,1.99744
Tampons,01/06/2014,1.984675
Tampons,01/07/2014,1.988715
Tampons,01/08/2014,2.00596
Tampons,01/09/2014,2.029323
Tampons,01/10/2014,1.97972
Tampons,01/11/2014,1.930726
Tampons,01/12/2014,1.972379
Tampons,01/01/2015,1.968835
Tampons,01/02/2015,1.932163
Tampons,01/03/2015,1.961392
Tampons,01/04/2015,1.972588
Tampons,01/05/2015,1.970279
Tampons,01/06/2015,1.958889
Tampons,01/07/2015,1.983028
Tampons,01/08/2015,1.953306
Tampons,01/09/2015,1.990643
Tampons,01/10/2015,1.975959
Tampons,01/11/2015,1.959757
Tampons,01/12/2015,2.017889
Tampons,01/01/2016,2.023551
Tampons,01/02/2016,2.013361
Tampons,01/03/2016,1.959921
Tampons,01/04/2016,1.963518
Tampons,01/05/2016,1.986587
Tampons,01/06/2016,1.974388
Tampons,01/07/2016,2.025982
Tampons,01/08/2016,2.008356
Tampons,01/09/2016,2.014545
Tampons,01/10/2016,1.958943
Tampons,01/11/2016,1.984096
Tampons,01/12/2016,1.994213
Tampons,01/01/2017,1.971417
Tampons,01/02/2017,2.014915
Tampons,01/03/2017,2.01755
Tampons,01/04/2017,2.102941
Tampons,01/05/2017,2.032964
Tampons,01/06/2017,2.10582
Tampons,01/07/2017,2.098889
Tampons,01/08/2017,1.98772
Tampons,01/09/2017,2.028976
Tampons,01/10/2017,2.006694
Tampons,01/11/2017,1.943347
Tampons,01/12/2017,1.989167
Tampons,01/01/2018,1.911532
Tampons,01/02/2018,1.912066
Tampons,01/03/2018,1.924026
Tampons,01/04/2018,1.905085
Tampons,01/05/2018,1.883305
Tampons,01/06/2018,1.872489
Tampons,01/07/2018,1.928426
Tampons,01/08/2018,1.87915
Tampons,01/09/2018,1.920598
Tampons,01/10/2018,1.868299
Tampons,01/11/2018,1.947563
Tampons,01/12/2018,1.872764
Tampons,01/01/2019,1.941483
Tampons,01/02/2019,1.962197
Tampons,01/03/2019,2.030502
Tampons,01/04/2019,1.961613
Tampons,01/05/2019,1.965344
Tampons,01/06/2019,1.977075
Tampons,01/07/2019,2.005059
Tampons,01/08/2019,1.991032
Tampons,01/09/2019,1.99896
Tampons,01/10/2019,1.973911
Tampons,01/11/2019,1.9776
Tampons,01/12/2019,2.030844
Tampons,01/01/2020,2.047
Tampons,01/02/2020,2.00952
Tampons,01/03/2020,2.055487
Tampons,01/04/2020,1.997248
Tampons,01/05/2020,2.041565
Tampons,01/06/2020,2.068362
Tampons,01/07/2020,1.989313
Tampons,01/08/2020,1.97925
Tampons,01/09/2020,1.996598
Tampons,01/10/2020,2.046914
Tampons,01/11/2020,1.985273
Tampons,01/12/2020,2.061956
Tampons,01/01/2021,2.080639
Tampons,01/02/2021,2.049957
Tampons,01/03/2021,2.100932
Tampons,01/04/2021,2.092723
Tampons,01/05/2021,2.097543
Tampons,01/06/2021,2.080976
Tampons,01/07/2021,2.119194
Tampons,01/08/2021,2.119714
Tampons,01/09/2021,2.077373
Tampons,01/10/2021,2.09
Tampons,01/11/2021,2.109309
Tampons,01/12/2021,2.185776
Tampons,01/01/2022,2.126992
Tampons,01/02/2022,2.067875
Tampons,01/03/2022,2.140445
Tampons,01/04/2022,2.276195
Tampons,01/05/2022,2.15816
Tampons,01/06/2022,2.184524
Tampons,01/07/2022,2.184659
Tampons,01/08/2022,2.198823
Tampons,01/09/2022,2.214545
Tampons,01/10/2022,2.23083
Tampons,01/11/2022,2.21813
Toothpaste,01/02/1988,0.4448
Toothpaste,01/03/1988,0.45
Toothpaste,01/04/1988,0.4540769
Toothpaste,01/05/1988,0.4521774
Toothpaste,01/06/1988,0.4617829
Toothpaste,01/07/1988,0.4645968
Toothpaste,01/09/1988,0.4683898
Toothpaste,01/10/1988,0.4784496
Toothpaste,01/11/1988,0.4836641
Toothpaste,01/12/1988,0.485
Toothpaste,01/01/1989,0.490873
Toothpaste,01/03/1989,0.5018321
Toothpaste,01/05/1989,0.5142063
Toothpaste,01/06/1989,0.5208271
Toothpaste,01/07/1989,0.5196063
Toothpaste,01/08/1989,0.5254762
Toothpaste,01/09/1989,0.5332258
Toothpaste,01/10/1989,0.5418487
Toothpaste,01/11/1989,0.5540945
Toothpaste,01/12/1989,0.5569672
Toothpaste,01/01/1990,0.5646212
Toothpaste,01/02/1990,0.5666423
Toothpaste,01/03/1990,0.5754412
Toothpaste,01/04/1990,0.5759091
Toothpaste,01/05/1990,0.5785821
Toothpaste,01/06/1990,0.5852518
Toothpaste,01/07/1990,0.590813
Toothpaste,01/08/1990,0.6055639
Toothpaste,01/09/1990,0.6061481
Toothpaste,01/10/1990,0.6142969
Toothpaste,01/11/1990,0.6293525
Toothpaste,01/12/1990,0.6304444
Toothpaste,01/01/1991,0.6377049
Toothpaste,01/02/1991,0.6258209
Toothpaste,01/03/1991,0.6306944
Toothpaste,01/04/1991,0.6428788
Toothpaste,01/05/1991,0.6441732
Toothpaste,01/06/1991,0.6471429
Toothpaste,01/07/1991,0.6528472
Toothpaste,01/08/1991,0.6591781
Toothpaste,01/09/1991,0.6695625
Toothpaste,01/10/1991,0.6679618
Toothpaste,01/11/1991,0.6708434
Toothpaste,01/12/1991,0.6740237
Toothpaste,01/01/1992,0.6879333
Toothpaste,01/02/1992,0.6849707
Toothpaste,01/03/1992,0.704142
Toothpaste,01/04/1992,0.7067016
Toothpaste,01/05/1992,0.7068205
Toothpaste,01/06/1992,0.7035859
Toothpaste,01/07/1992,0.7195263
Toothpaste,01/08/1992,0.7208718
Toothpaste,01/09/1992,0.7216667
Toothpaste,01/10/1992,0.7197436
Toothpaste,01/11/1992,0.7217677
Toothpaste,01/12/1992,0.7202591
Toothpaste,01/01/1993,0.7163776
Toothpaste,01/02/1993,0.7202488
Toothpaste,01/03/1993,0.7161421
Toothpaste,01/04/1993,0.7142714
Toothpaste,01/05/1993,0.7138424
Toothpaste,01/06/1993,0.7227143
Toothpaste,01/07/1993,0.7289655
Toothpaste,01/08/1993,0.7269756
Toothpaste,01/09/1993,0.7322222
Toothpaste,01/10/1993,0.7345631
Toothpaste,01/11/1993,0.7317647
Toothpaste,01/12/1993,0.7200966
Toothpaste,01/01/1994,0.723381
Toothpaste,01/02/1994,0.7232973
Toothpaste,01/03/1994,0.7158427
Toothpaste,01/04/1994,0.7201105
Toothpaste,01/05/1994,0.7044286
Toothpaste,01/06/1994,0.7052336
Toothpaste,01/07/1994,0.6931776
Toothpaste,01/08/1994,0.7139655
Toothpaste,01/09/1994,0.7198477
Toothpaste,01/10/1994,0.7217734
Toothpaste,01/11/1994,0.7270476
Toothpaste,01/12/1994,0.7197608
Toothpaste,01/01/1995,0.7262802
Toothpaste,01/02/1995,0.7354687
Toothpaste,01/03/1995,0.7478307
Toothpaste,01/04/1995,0.7379803
Toothpaste,01/05/1995,0.7449268
Toothpaste,01/06/1995,0.7561165
Toothpaste,01/07/1995,0.7548058
Toothpaste,01/08/1995,0.7520738
Toothpaste,01/09/1995,0.7534884
Toothpaste,01/10/1995,0.7590187
Toothpaste,01/11/1995,0.768578
Toothpaste,01/12/1995,0.7772477
Toothpaste,01/01/1996,0.7777273
Toothpaste,01/02/1996,0.7972277
Toothpaste,01/03/1996,0.7896154
Toothpaste,01/04/1996,0.7898058
Toothpaste,01/05/1996,0.8024762
Toothpaste,01/06/1996,0.8046377
Toothpaste,01/07/1996,0.823
Toothpaste,01/08/1996,0.7936313
Toothpaste,01/09/1996,0.8114525
Toothpaste,01/10/1996,0.7993103
Toothpaste,01/11/1996,0.8090857
Toothpaste,01/12/1996,0.8109836
Toothpaste,01/01/1997,0.8177472
Toothpaste,01/02/1997,0.8244382
Toothpaste,01/03/1997,0.8299441
Toothpaste,01/04/1997,0.8310674
Toothpaste,01/05/1997,0.8303488
Toothpaste,01/06/1997,0.8396913
Toothpaste,01/07/1997,0.8373373
Toothpaste,01/08/1997,0.8392135
Toothpaste,01/09/1997,0.8386339
Toothpaste,01/10/1997,0.8407821
Toothpaste,01/11/1997,0.8385083
Toothpaste,01/12/1997,0.8478453
Toothpaste,01/01/1998,0.8434615
Toothpaste,01/02/1998,0.8645098
Toothpaste,01/03/1998,0.8633557
Toothpaste,01/04/1998,0.8733113
Toothpaste,01/05/1998,0.8686666
Toothpaste,01/06/1998,0.8563514
Toothpaste,01/07/1998,0.8555263
Toothpaste,01/08/1998,0.8460927
Toothpaste,01/09/1998,0.8498701
Toothpaste,01/10/1998,0.8559211
Toothpaste,01/11/1998,0.8506536
Toothpaste,01/12/1998,0.858052
Toothpaste,01/01/1999,0.8527559
Toothpaste,01/02/1999,0.8736486
Toothpaste,01/03/1999,0.8832451
Toothpaste,01/04/1999,0.8735715
Toothpaste,01/05/1999,0.8780133
Toothpaste,01/06/1999,0.8956667
Toothpaste,01/07/1999,0.9029452
Toothpaste,01/08/1999,0.8972109
Toothpaste,01/09/1999,0.8966666
Toothpaste,01/10/1999,0.9026352
Toothpaste,01/11/1999,0.9245695
Toothpaste,01/12/1999,0.9199333
Toothpaste,01/01/2000,0.9289796
Toothpaste,01/02/2000,0.9248592
Toothpaste,01/03/2000,0.9325874
Toothpaste,01/04/2000,0.9354166
Toothpaste,01/05/2000,0.9330986
Toothpaste,01/06/2000,0.9267586
Toothpaste,01/07/2000,0.9288732
Toothpaste,01/08/2000,0.935931
Toothpaste,01/09/2000,0.9411409
Toothpaste,01/10/2000,0.935302
Toothpaste,01/11/2000,0.9433117
Toothpaste,01/12/2000,0.9415894
Toothpaste,01/01/2001,0.9326351
Toothpaste,01/02/2001,0.9312583
Toothpaste,01/03/2001,0.9447917
Toothpaste,01/04/2001,0.9398649
Toothpaste,01/05/2001,0.9450676
Toothpaste,01/06/2001,0.9475974
Toothpaste,01/07/2001,0.9344737
Toothpaste,01/08/2001,0.9342857
Toothpaste,01/09/2001,0.9394737
Toothpaste,01/10/2001,0.9358389
Toothpaste,01/11/2001,0.9409869
Toothpaste,01/12/2001,0.940641
Toothpaste,01/01/2002,0.951
Toothpaste,01/02/2002,1.027273
Toothpaste,01/03/2002,1.021189
Toothpaste,01/04/2002,1.003699
Toothpaste,01/05/2002,1.005683
Toothpaste,01/06/2002,1.030138
Toothpaste,01/07/2002,1.0225
Toothpaste,01/08/2002,1.023469
Toothpaste,01/09/2002,1.025638
Toothpaste,01/10/2002,1.047063
Toothpaste,01/11/2002,1.018163
Toothpaste,01/12/2002,1.029281
Toothpaste,01/01/2003,1.06
Toothpaste,01/02/2003,1.111079
Toothpaste,01/03/2003,1.13705
Toothpaste,01/04/2003,1.158661
Toothpaste,01/05/2003,1.165
Toothpaste,01/06/2003,1.163636
Toothpaste,01/07/2003,1.165656
Toothpaste,01/08/2003,1.217398
Toothpaste,01/09/2003,1.195161
Toothpaste,01/10/2003,1.175692
Toothpaste,01/11/2003,1.147862
Toothpaste,01/12/2003,1.172585
Toothpaste,01/01/2004,1.189333
Toothpaste,01/02/2004,1.214419
Toothpaste,01/03/2004,1.199091
Toothpaste,01/04/2004,1.214118
Toothpaste,01/05/2004,1.216667
Toothpaste,01/06/2004,1.255407
Toothpaste,01/07/2004,1.270786
Toothpaste,01/08/2004,1.271622
Toothpaste,01/09/2004,1.257241
Toothpaste,01/10/2004,1.264138
Toothpaste,01/11/2004,1.222308
Toothpaste,01/12/2004,1.229041
Toothpaste,01/01/2005,1.228151
Toothpaste,01/02/2005,1.257226
Toothpaste,01/03/2005,1.286493
Toothpaste,01/04/2005,1.267133
Toothpaste,01/05/2005,1.110455
Toothpaste,01/06/2005,1.262057
Toothpaste,01/07/2005,1.274676
Toothpaste,01/08/2005,1.248286
Toothpaste,01/09/2005,1.288188
Toothpaste,01/10/2005,1.279014
Toothpaste,01/11/2005,1.28471
Toothpaste,01/12/2005,1.252028
Toothpaste,01/01/2006,1.252569
Toothpaste,01/02/2006,1.247431
Toothpaste,01/03/2006,1.247329
Toothpaste,01/04/2006,1.233151
Toothpaste,01/05/2006,1.28589
Toothpaste,01/06/2006,1.275533
Toothpaste,01/07/2006,1.29915
Toothpaste,01/08/2006,1.288069
Toothpaste,01/09/2006,1.299517
Toothpaste,01/10/2006,1.282867
Toothpaste,01/11/2006,1.28966
Toothpaste,01/12/2006,1.278591
Toothpaste,01/01/2007,1.242899
Toothpaste,01/02/2007,1.276385
Toothpaste,01/03/2007,1.273869
Toothpaste,01/04/2007,1.276
Toothpaste,01/05/2007,1.292569
Toothpaste,01/06/2007,1.265315
Toothpaste,01/07/2007,1.2855
Toothpaste,01/08/2007,1.271773
Toothpaste,01/09/2007,1.265429
Toothpaste,01/10/2007,1.293154
Toothpaste,01/11/2007,1.272378
Toothpaste,01/12/2007,1.299793
Toothpaste,01/01/2008,1.314071
Toothpaste,01/02/2008,1.342113
Toothpaste,01/03/2008,1.344966
Toothpaste,01/04/2008,1.374604
Toothpaste,01/05/2008,1.377319
Toothpaste,01/06/2008,1.374514
Toothpaste,01/07/2008,1.398873
Toothpaste,01/08/2008,1.425724
Toothpaste,01/09/2008,1.415882
Toothpaste,01/10/2008,1.428676
Toothpaste,01/11/2008,1.43634
Toothpaste,01/12/2008,1.395973
Toothpaste,01/01/2009,1.435102
Toothpaste,01/02/2009,1.370074
Toothpaste,01/03/2009,1.437891
Toothpaste,01/04/2009,1.417552
Toothpaste,01/05/2009,1.423472
Toothpaste,01/06/2009,1.433741
Toothpaste,01/07/2009,1.425733
Toothpaste,01/08/2009,1.43277
Toothpaste,01/09/2009,1.370338
Toothpaste,01/10/2009,1.467032
Toothpaste,01/11/2009,1.453442
Toothpaste,01/12/2009,1.494145
Toothpaste,01/01/2010,1.462914
Toothpaste,01/02/2010,1.443217
Toothpaste,01/03/2010,1.466027
Toothpaste,01/04/2010,1.476149
Toothpaste,01/05/2010,1.468859
Toothpaste,01/06/2010,1.445667
Toothpaste,01/07/2010,1.462292
Toothpaste,01/08/2010,1.441448
Toothpaste,01/09/2010,1.464444
Toothpaste,01/10/2010,1.474
Toothpaste,01/11/2010,1.425556
Toothpaste,01/12/2010,1.438684
Toothpaste,01/01/2011,1.534247
Toothpaste,01/02/2011,1.58694
Toothpaste,01/03/2011,1.549658
Toothpaste,01/04/2011,1.596123
Toothpaste,01/05/2011,1.606483
Toothpaste,01/06/2011,1.620203
Toothpaste,01/07/2011,1.657075
Toothpaste,01/08/2011,1.595235
Toothpaste,01/09/2011,1.612288
Toothpaste,01/10/2011,1.664221
Toothpaste,01/11/2011,1.604903
Toothpaste,01/12/2011,1.633856
Toothpaste,01/01/2012,1.589803
Toothpaste,01/02/2012,1.58069
Toothpaste,01/03/2012,1.576571
Toothpaste,01/04/2012,1.568296
Toothpaste,01/05/2012,1.592071
Toothpaste,01/06/2012,1.577163
Toothpaste,01/07/2012,1.510758
Toothpaste,01/08/2012,1.569412
Toothpaste,01/09/2012,1.676541
Toothpaste,01/10/2012,1.691128
Toothpaste,01/11/2012,1.657254
Toothpaste,01/12/2012,1.603699
Toothpaste,01/01/2013,1.624345
Toothpaste,01/02/2013,1.657535
Toothpaste,01/03/2013,1.673537
Toothpaste,01/04/2013,1.692569
Toothpaste,01/05/2013,1.664225
Toothpaste,01/06/2013,1.730422
Toothpaste,01/07/2013,1.602937
Toothpaste,01/08/2013,1.66763
Toothpaste,01/09/2013,1.686154
Toothpaste,01/10/2013,1.686875
Toothpaste,01/11/2013,1.728227
Toothpaste,01/12/2013,1.744126
Toothpaste,01/01/2014,1.809071
Toothpaste,01/02/2014,1.863206
Toothpaste,01/03/2014,1.709172
Toothpaste,01/04/2014,1.782308
Toothpaste,01/05/2014,1.767786
Toothpaste,01/06/2014,1.881095
Toothpaste,01/07/2014,1.791655
Toothpaste,01/08/2014,1.86087
Toothpaste,01/09/2014,1.945524
Toothpaste,01/10/2014,1.796111
Toothpaste,01/11/2014,1.774966
Toothpaste,01/12/2014,1.722635
Toothpaste,01/01/2015,1.730261
Toothpaste,01/02/2015,1.802467
Toothpaste,01/03/2015,1.888954
Toothpaste,01/04/2015,1.778182
Toothpaste,01/05/2015,1.733935
Toothpaste,01/06/2015,1.828938
Toothpaste,01/07/2015,1.771933
Toothpaste,01/08/2015,1.773399
Toothpaste,01/09/2015,1.906834
Toothpaste,01/10/2015,1.865827
Toothpaste,01/11/2015,1.700779
Toothpaste,01/12/2015,1.726225
Toothpaste,01/01/2016,1.766282
Toothpaste,01/02/2016,1.69413
Toothpaste,01/03/2016,1.713986
Toothpaste,01/04/2016,1.844966
Toothpaste,01/05/2016,1.617483
Toothpaste,01/06/2016,1.668451
Toothpaste,01/07/2016,1.79304
Toothpaste,01/08/2016,1.746
Toothpaste,01/09/2016,1.62036
Toothpaste,01/10/2016,1.802397
Toothpaste,01/11/2016,1.695973
Toothpaste,01/12/2016,1.739803
Toothpaste,01/01/2017,1.707067
Toothpaste,01/02/2017,1.683556
Toothpaste,01/03/2017,1.638355
Toothpaste,01/04/2017,1.626104
Toothpaste,01/05/2017,1.606026
Toothpaste,01/06/2017,1.647039
Toothpaste,01/07/2017,1.541655
Toothpaste,01/08/2017,1.601053
Toothpaste,01/09/2017,1.551594
Toothpaste,01/10/2017,1.686154
Toothpaste,01/11/2017,1.585448
Toothpaste,01/12/2017,1.57438
Toothpaste,01/01/2018,1.574371
Toothpaste,01/02/2018,1.569371
Toothpaste,01/03/2018,1.585753
Toothpaste,01/04/2018,1.62274
Toothpaste,01/05/2018,1.614138
Toothpaste,01/06/2018,1.657905
Toothpaste,01/07/2018,1.627211
Toothpaste,01/08/2018,1.649184
Toothpaste,01/09/2018,1.641544
Toothpaste,01/10/2018,1.719589
Toothpaste,01/11/2018,1.687483
Toothpaste,01/12/2018,1.686364
Toothpaste,01/01/2019,1.721074
Toothpaste,01/02/2019,1.738581
Toothpaste,01/03/2019,1.624371
Toothpaste,01/04/2019,1.638609
Toothpaste,01/05/2019,1.671569
Toothpaste,01/06/2019,1.664595
Toothpaste,01/07/2019,1.712
Toothpaste,01/08/2019,1.796391
Toothpaste,01/09/2019,1.763968
Toothpaste,01/10/2019,1.696301
Toothpaste,01/11/2019,1.731795
Toothpaste,01/12/2019,1.709388
Toothpaste,01/01/2020,1.673481
Toothpaste,01/02/2020,1.675454
Toothpaste,01/03/2020,1.897438
Toothpaste,01/04/2020,1.638067
Toothpaste,01/05/2020,1.60625
Toothpaste,01/06/2020,1.55432
Toothpaste,01/07/2020,1.620507
Toothpaste,01/08/2020,1.599225
Toothpaste,01/09/2020,1.606181
Toothpaste,01/10/2020,1.685753
Toothpaste,01/11/2020,1.499412
Toothpaste,01/12/2020,1.706911
Toothpaste,01/01/2021,1.762266
Toothpaste,01/02/2021,1.759084
Toothpaste,01/03/2021,1.662746
Toothpaste,01/04/2021,1.636597
Toothpaste,01/05/2021,1.786594
Toothpaste,01/06/2021,1.604375
Toothpaste,01/07/2021,1.760336
Toothpaste,01/08/2021,1.730541
Toothpaste,01/09/2021,1.667566
Toothpaste,01/10/2021,1.737162
Toothpaste,01/11/2021,1.7936
Toothpaste,01/12/2021,1.835603
Toothpaste,01/01/2022,1.79223
Toothpaste,01/02/2022,1.851462
Toothpaste,01/03/2022,1.847432
Toothpaste,01/04/2022,1.989231
Toothpaste,01/05/2022,1.882185
Toothpaste,01/06/2022,2.049806
Toothpaste,01/07/2022,1.90281
Toothpaste,01/08/2022,1.890411
Toothpaste,01/09/2022,2.066759
Toothpaste,01/10/2022,1.996688
Toothpaste,01/11/2022,2.020753
