Item,Date,Mean
Cheddar,01/02/1988,2.897962
Cheddar,01/03/1988,2.965439
Cheddar,01/04/1988,2.986767
Cheddar,01/05/1988,3.00914
Cheddar,01/06/1988,3.02297
Cheddar,01/07/1988,3.060531
Cheddar,01/09/1988,3.095492
Cheddar,01/10/1988,3.135613
Cheddar,01/11/1988,3.138618
Cheddar,01/12/1988,3.181235
Cheddar,01/01/1989,3.160497
Cheddar,01/03/1989,3.198183
Cheddar,01/04/1989,3.233806
Cheddar,01/05/1989,3.210826
Cheddar,01/06/1989,3.19393
Cheddar,01/07/1989,3.223816
Cheddar,01/08/1989,3.278008
Cheddar,01/09/1989,3.305757
Cheddar,01/10/1989,3.320781
Cheddar,01/11/1989,3.385729
Cheddar,01/12/1989,3.399637
Cheddar,01/01/1990,3.386764
Cheddar,01/02/1990,3.443197
Milk,01/02/1990,0.9698413
Cheddar,01/03/1990,3.486956
Milk,01/03/1990,0.9882759
Milk,01/04/1990,0.9708667
Cheddar,01/04/1990,3.398474
Cheddar,01/05/1990,3.48038
Milk,01/05/1990,0.9928481
Cheddar,01/06/1990,3.494167
Milk,01/06/1990,0.9894969
Milk,01/07/1990,0.9855769
Cheddar,01/07/1990,3.490298
Cheddar,01/08/1990,3.477844
Milk,01/08/1990,0.9868125
Cheddar,01/09/1990,3.509843
Milk,01/09/1990,0.9612122
Milk,01/10/1990,0.9993023
Cheddar,01/10/1990,3.45317
Milk,01/11/1990,1.030575
Cheddar,01/11/1990,3.513234
Cheddar,01/12/1990,3.509987
Milk,01/12/1990,1.047101
Milk,01/01/1991,1.070124
Cheddar,01/01/1991,3.516483
Milk,01/02/1991,1.076811
Cheddar,01/02/1991,3.503151
Cheddar,01/03/1991,3.505636
Milk,01/03/1991,1.075078
Milk,01/04/1991,1.077464
Cheddar,01/04/1991,3.522482
Milk,01/05/1991,1.08022
Cheddar,01/05/1991,3.558649
Milk,01/06/1991,1.078325
Cheddar,01/06/1991,3.604799
Milk,01/07/1991,1.074455
Cheddar,01/07/1991,3.573698
Cheddar,01/08/1991,3.582366
Milk,01/08/1991,1.07177
Cheddar,01/09/1991,3.601416
Milk,01/09/1991,1.078707
Milk,01/10/1991,1.077791
Cheddar,01/10/1991,3.623428
Cheddar,01/11/1991,3.643486
Milk,01/11/1991,1.07619
Milk,01/12/1991,1.071
Cheddar,01/12/1991,3.69008
Cheddar,01/01/1992,3.760582
Milk,01/01/1992,1.066951
Cheddar,01/02/1992,3.712818
Milk,01/02/1992,1.061778
Cheddar,01/03/1992,3.813993
Milk,01/03/1992,1.04924
Milk,01/04/1992,1.060565
Cheddar,01/04/1992,3.845276
Milk,01/05/1992,1.056705
Cheddar,01/05/1992,3.919146
Milk,01/06/1992,1.068276
Cheddar,01/06/1992,3.969155
Milk,01/07/1992,1.084503
Cheddar,01/07/1992,3.950583
Milk,01/08/1992,1.075389
Cheddar,01/08/1992,3.973348
Cheddar,01/09/1992,3.98497
Milk,01/09/1992,1.078066
Milk,01/10/1992,1.064194
Cheddar,01/10/1992,3.943258
Cheddar,01/11/1992,4.011716
Milk,01/11/1992,1.031351
Milk,01/12/1992,1.021429
Cheddar,01/12/1992,3.981919
Milk,01/01/1993,1.011027
Cheddar,01/01/1993,3.978219
Milk,01/02/1993,1.004764
Cheddar,01/02/1993,4.068316
Cheddar,01/03/1993,4.15191
Milk,01/03/1993,0.9902674
Cheddar,01/04/1993,4.198754
Milk,01/04/1993,0.9797354
Milk,01/05/1993,0.9775916
Cheddar,01/05/1993,4.234068
Cheddar,01/06/1993,4.255494
Milk,01/06/1993,0.9830688
Milk,01/07/1993,0.9936316
Cheddar,01/07/1993,4.311917
Milk,01/08/1993,0.9834536
Cheddar,01/08/1993,4.286444
Milk,01/09/1993,0.9697436
Cheddar,01/09/1993,4.299348
Cheddar,01/10/1993,4.29607
Milk,01/10/1993,0.9373575
Cheddar,01/11/1993,4.292867
Milk,01/11/1993,0.9107614
Cheddar,01/12/1993,4.240182
Milk,01/12/1993,0.9026396
Milk,01/01/1994,0.9005051
Cheddar,01/01/1994,4.302299
Milk,01/02/1994,0.8964974
Cheddar,01/02/1994,4.323811
Milk,01/03/1994,0.9136649
Cheddar,01/03/1994,4.299574
Milk,01/04/1994,0.9085492
Cheddar,01/04/1994,4.320939
Cheddar,01/05/1994,4.337166
Milk,01/05/1994,0.9021905
Cheddar,01/06/1994,4.331344
Milk,01/06/1994,0.8944811
Milk,01/07/1994,0.8859813
Cheddar,01/07/1994,4.295212
Milk,01/08/1994,0.8827604
Cheddar,01/08/1994,4.304343
Cheddar,01/09/1994,4.281765
Milk,01/09/1994,0.8824883
Cheddar,01/10/1994,4.249488
Milk,01/10/1994,0.8663366
Milk,01/11/1994,0.908972
Cheddar,01/11/1994,4.33714
Milk,01/12/1994,0.9135714
Cheddar,01/12/1994,4.310618
Cheddar,01/01/1995,4.388923
Milk,01/01/1995,0.912783
Milk,01/02/1995,0.9218396
Cheddar,01/02/1995,4.60336
Milk,01/03/1995,0.9222535
Cheddar,01/03/1995,4.620994
Cheddar,01/04/1995,4.546428
Milk,01/04/1995,0.9215024
Milk,01/05/1995,0.9224883
Cheddar,01/05/1995,4.549554
Milk,01/06/1995,0.9231604
Cheddar,01/06/1995,4.675828
Cheddar,01/07/1995,4.700504
Milk,01/07/1995,0.9193427
Cheddar,01/08/1995,4.670764
Milk,01/08/1995,0.916934
Milk,01/09/1995,0.9080095
Cheddar,01/09/1995,4.639308
Cheddar,01/10/1995,4.792744
Milk,01/10/1995,0.9021043
Milk,01/11/1995,0.8975668
Cheddar,01/11/1995,4.775666
Milk,01/12/1995,0.9102617
Cheddar,01/12/1995,4.817193
Cheddar,01/01/1996,4.880728
Milk,01/01/1996,0.9087018
Cheddar,01/02/1996,4.677812
Milk,01/02/1996,0.9067633
Cheddar,01/03/1996,4.784324
Milk,01/03/1996,0.9638679
Milk,01/04/1996,0.9533491
Cheddar,01/04/1996,4.876447
Milk,01/05/1996,0.9510798
Cheddar,01/05/1996,4.926165
Cheddar,01/06/1996,4.871849
Milk,01/06/1996,0.9521182
Cheddar,01/07/1996,4.903991
Milk,01/07/1996,0.9647442
Cheddar,01/08/1996,5.046685
Milk,01/08/1996,0.9493296
Milk,01/09/1996,0.9459459
Cheddar,01/09/1996,5.039558
Milk,01/10/1996,0.943172
Cheddar,01/10/1996,5.004364
Cheddar,01/11/1996,5.13
Milk,01/11/1996,0.9430054
Cheddar,01/12/1996,5.098148
Milk,01/12/1996,0.9417112
Milk,01/01/1997,0.9374864
Cheddar,01/01/1997,5.121437
Cheddar,01/02/1997,5.131772
Milk,01/02/1997,0.9425555
Cheddar,01/03/1997,5.239722
Milk,01/03/1997,0.9083957
Cheddar,01/04/1997,5.243895
Milk,01/04/1997,0.894945
Cheddar,01/05/1997,5.311173
Milk,01/05/1997,0.8933702
Cheddar,01/06/1997,5.359667
Milk,01/06/1997,0.9038503
Cheddar,01/07/1997,5.34324
Milk,01/07/1997,0.8982514
Milk,01/08/1997,0.8962434
Cheddar,01/08/1997,5.415
Milk,01/09/1997,0.8964706
Cheddar,01/09/1997,5.417923
Cheddar,01/10/1997,5.410555
Milk,01/10/1997,0.8949206
Milk,01/11/1997,0.8968254
Cheddar,01/11/1997,5.361858
Milk,01/12/1997,0.8980645
Cheddar,01/12/1997,5.369668
Cheddar,01/01/1998,5.338743
Milk,01/01/1998,0.8985561
Cheddar,01/02/1998,5.32298
Milk,01/02/1998,0.8948052
Milk,01/03/1998,0.9001923
Cheddar,01/03/1998,5.300201
Cheddar,01/04/1998,5.21482
Milk,01/04/1998,0.8955414
Milk,01/05/1998,0.906519
Cheddar,01/05/1998,5.16338
Milk,01/06/1998,0.9031013
Cheddar,01/06/1998,5.219084
Milk,01/07/1998,0.9057325
Cheddar,01/07/1998,5.342756
Milk,01/08/1998,0.9052287
Cheddar,01/08/1998,5.355621
Cheddar,01/09/1998,5.356667
Milk,01/09/1998,0.9046451
Milk,01/10/1998,0.9075159
Cheddar,01/10/1998,5.349743
Milk,01/11/1998,0.9113461
Cheddar,01/11/1998,5.315949
Milk,01/12/1998,0.9159235
Cheddar,01/12/1998,5.165287
Milk,01/01/1999,0.9159849
Cheddar,01/01/1999,5.304488
Cheddar,01/02/1999,5.199726
Milk,01/02/1999,0.9241667
Cheddar,01/03/1999,5.276601
Milk,01/03/1999,0.9230769
Cheddar,01/04/1999,5.298766
Milk,01/04/1999,0.9240385
Cheddar,01/05/1999,5.287947
Milk,01/05/1999,0.9259236
Milk,01/06/1999,0.9258228
Cheddar,01/06/1999,5.36808
Cheddar,01/07/1999,5.127956
Milk,01/07/1999,0.925414
Cheddar,01/08/1999,5.279226
Milk,01/08/1999,0.8989874
Milk,01/09/1999,0.8831169
Cheddar,01/09/1999,5.233493
Milk,01/10/1999,0.8801282
Cheddar,01/10/1999,5.228207
Cheddar,01/11/1999,5.147297
Milk,01/11/1999,0.8776923
Milk,01/12/1999,0.878258
Cheddar,01/12/1999,5.219
Cheddar,01/01/2000,5.209865
Milk,01/01/2000,0.8843589
Cheddar,01/02/2000,5.176043
Milk,01/02/2000,0.8899351
Milk,01/03/2000,0.8869079
Cheddar,01/03/2000,5.273035
Milk,01/04/2000,0.8850994
Cheddar,01/04/2000,5.257071
Milk,01/05/2000,0.8854249
Cheddar,01/05/2000,5.135214
Milk,01/06/2000,0.8813245
Cheddar,01/06/2000,5.176805
Milk,01/07/2000,0.8839735
Cheddar,01/07/2000,5.064546
Cheddar,01/08/2000,5.163857
Milk,01/08/2000,0.8736842
Milk,01/09/2000,0.8759459
Cheddar,01/09/2000,5.088675
Cheddar,01/10/2000,5.068446
Milk,01/10/2000,0.8856953
Milk,01/11/2000,0.8780537
Cheddar,01/11/2000,5.053517
Cheddar,01/12/2000,5.074694
Milk,01/12/2000,0.8917568
Milk,01/01/2001,0.892649
Cheddar,01/01/2001,5.149197
Milk,01/02/2001,0.9330769
Cheddar,01/02/2001,5.130515
Cheddar,01/03/2001,5.130072
Milk,01/03/2001,0.934586
Cheddar,01/04/2001,5.082958
Milk,01/04/2001,0.9592857
Cheddar,01/05/2001,5.263776
Milk,01/05/2001,0.975871
Cheddar,01/06/2001,5.221575
Milk,01/06/2001,0.9796816
Cheddar,01/07/2001,5.270896
Milk,01/07/2001,0.9815924
Cheddar,01/08/2001,5.376733
Milk,01/08/2001,0.9841667
Cheddar,01/09/2001,5.316781
Milk,01/09/2001,0.9838064
Cheddar,01/10/2001,5.366757
Milk,01/10/2001,0.9792903
Cheddar,01/11/2001,5.414558
Milk,01/11/2001,0.9837107
Milk,01/12/2001,0.9839873
Cheddar,01/12/2001,5.327222
Milk,01/01/2002,0.9861438
Cheddar,01/01/2002,5.360604
Ice Cream,01/02/2002,2.030083
Cheddar,01/02/2002,5.531678
Milk,01/02/2002,0.9988356
Ice Cream,01/03/2002,2.043083
Cheddar,01/03/2002,5.50353
Milk,01/03/2002,0.995102
Cheddar,01/04/2002,5.458561
Ice Cream,01/04/2002,2.0625
Milk,01/04/2002,0.9958823
Ice Cream,01/05/2002,2.048846
Cheddar,01/05/2002,5.606084
Milk,01/05/2002,0.9980921
Milk,01/06/2002,0.9994805
Cheddar,01/06/2002,5.571104
Ice Cream,01/06/2002,2.03531
Milk,01/07/2002,1.001419
Cheddar,01/07/2002,5.461451
Ice Cream,01/07/2002,2.036142
Cheddar,01/08/2002,5.486331
Milk,01/08/2002,0.998129
Ice Cream,01/08/2002,2.065118
Cheddar,01/09/2002,5.527664
Milk,01/09/2002,1.013203
Ice Cream,01/09/2002,1.972764
Ice Cream,01/10/2002,2.014636
Milk,01/10/2002,1.03
Cheddar,01/10/2002,5.522464
Cheddar,01/11/2002,5.504348
Ice Cream,01/11/2002,2.01664
Milk,01/11/2002,1.034968
Cheddar,01/12/2002,5.672643
Ice Cream,01/12/2002,1.956899
Milk,01/12/2002,1.032692
Cheddar,01/01/2003,5.668014
Milk,01/01/2003,1.035032
Ice Cream,01/01/2003,1.883615
Cheddar,01/02/2003,5.703485
Ice Cream,01/02/2003,1.985639
Milk,01/02/2003,1.028931
Cheddar,01/03/2003,5.713359
Ice Cream,01/03/2003,2.024797
Milk,01/03/2003,1.027249
Cheddar,01/04/2003,5.826177
Ice Cream,01/04/2003,2.016857
Milk,01/04/2003,1.031471
Ice Cream,01/05/2003,2.017568
Cheddar,01/05/2003,5.875948
Milk,01/05/2003,1.018356
Ice Cream,01/06/2003,2.022783
Milk,01/06/2003,1.015981
Cheddar,01/06/2003,5.988534
Ice Cream,01/07/2003,2.027615
Cheddar,01/07/2003,5.949355
Milk,01/07/2003,1.059227
Ice Cream,01/08/2003,2.049817
Cheddar,01/08/2003,5.931695
Milk,01/08/2003,1.058357
Cheddar,01/09/2003,5.994508
Milk,01/09/2003,1.060963
Ice Cream,01/09/2003,2.015932
Cheddar,01/10/2003,5.994286
Milk,01/10/2003,1.060423
Ice Cream,01/10/2003,2.004153
Ice Cream,01/11/2003,2.038074
Cheddar,01/11/2003,6.011288
Milk,01/11/2003,1.059447
Milk,01/12/2003,1.06038
Cheddar,01/12/2003,6.085746
Ice Cream,01/12/2003,1.96365
Milk,01/01/2004,1.060084
Ice Cream,01/01/2004,2.124697
Cheddar,01/01/2004,6.057708
Cheddar,01/02/2004,6.100379
Milk,01/02/2004,1.061682
Ice Cream,01/02/2004,2.176754
Milk,01/03/2004,1.057014
Ice Cream,01/03/2004,1.972185
Cheddar,01/03/2004,6.152636
Ice Cream,01/04/2004,2.064397
Milk,01/04/2004,1.048527
Cheddar,01/04/2004,6.03
Cheddar,01/05/2004,6.161301
Ice Cream,01/05/2004,2.007931
Milk,01/05/2004,1.05
Ice Cream,01/06/2004,2.054274
Milk,01/06/2004,1.05
Cheddar,01/06/2004,6.136539
Ice Cream,01/07/2004,2.017949
Milk,01/07/2004,1.046696
Cheddar,01/07/2004,5.905714
Cheddar,01/08/2004,5.78
Milk,01/08/2004,1.052915
Ice Cream,01/08/2004,1.978257
Cheddar,01/09/2004,5.738174
Milk,01/09/2004,1.04986
Ice Cream,01/09/2004,2.008632
Milk,01/10/2004,1.051562
Ice Cream,01/10/2004,1.992927
Cheddar,01/10/2004,5.93371
Cheddar,01/11/2004,5.848615
Ice Cream,01/11/2004,2.066667
Milk,01/11/2004,1.051216
Cheddar,01/12/2004,5.859167
Milk,01/12/2004,1.049467
Ice Cream,01/12/2004,2.014309
Cheddar,01/01/2005,5.832314
Ice Cream,01/01/2005,2.078
Milk,01/01/2005,1.0508
Ice Cream,01/02/2005,2.070171
Cheddar,01/02/2005,5.86319
Milk,01/02/2005,1.043704
Cheddar,01/03/2005,5.910833
Milk,01/03/2005,1.115409
Ice Cream,01/03/2005,2.098536
Cheddar,01/04/2005,5.817846
Milk,01/04/2005,1.117399
Ice Cream,01/04/2005,2.073065
Milk,01/05/2005,1.038009
Ice Cream,01/05/2005,2.097877
Cheddar,01/05/2005,5.564266
Cheddar,01/06/2005,5.901832
Milk,01/06/2005,1.11905
Ice Cream,01/06/2005,2.080472
Cheddar,01/07/2005,5.962946
Ice Cream,01/07/2005,2.031129
Milk,01/07/2005,1.116578
Milk,01/08/2005,1.114843
Ice Cream,01/08/2005,2.090236
Cheddar,01/08/2005,6.129091
Ice Cream,01/09/2005,2.086202
Cheddar,01/09/2005,6.209773
Milk,01/09/2005,1.115901
Cheddar,01/10/2005,6.096046
Milk,01/10/2005,1.119369
Ice Cream,01/10/2005,2.059839
Ice Cream,01/11/2005,2.024683
Milk,01/11/2005,1.119273
Cheddar,01/11/2005,6.25063
Ice Cream,01/12/2005,2.011825
Cheddar,01/12/2005,6.282344
Milk,01/12/2005,1.117717
Milk,01/01/2006,1.135116
Cheddar,01/01/2006,6.355234
Ice Cream,01/01/2006,2.02812
Ice Cream,01/02/2006,2.019491
Cheddar,01/02/2006,6.137317
Milk,01/02/2006,1.164083
Ice Cream,01/03/2006,2.009304
Cheddar,01/03/2006,6.075323
Milk,01/03/2006,1.066313
Ice Cream,01/04/2006,1.962185
Cheddar,01/04/2006,6.010451
Milk,01/04/2006,1.066866
Cheddar,01/05/2006,6.024773
Milk,01/05/2006,1.060594
Ice Cream,01/05/2006,1.913273
Ice Cream,01/06/2006,1.989065
Cheddar,01/06/2006,5.987462
Milk,01/06/2006,1.075244
Ice Cream,01/07/2006,1.9144
Cheddar,01/07/2006,6.113566
Milk,01/07/2006,1.127758
Cheddar,01/08/2006,6.056336
Ice Cream,01/08/2006,1.980079
Milk,01/08/2006,1.128924
Ice Cream,01/09/2006,1.920656
Milk,01/09/2006,1.129292
Cheddar,01/09/2006,6.071339
Cheddar,01/10/2006,6.02814
Ice Cream,01/10/2006,1.929262
Milk,01/10/2006,1.129866
Cheddar,01/11/2006,6.028819
Milk,01/11/2006,1.131031
Ice Cream,01/11/2006,1.968306
Cheddar,01/12/2006,6.073257
Milk,01/12/2006,1.127668
Ice Cream,01/12/2006,1.904048
Cheddar,01/01/2007,6.230834
Ice Cream,01/01/2007,1.98913
Milk,01/01/2007,1.1335
Milk,01/02/2007,1.133229
Ice Cream,01/02/2007,2.042137
Cheddar,01/02/2007,6.238707
Ice Cream,01/03/2007,2.014825
Cheddar,01/03/2007,6.160551
Milk,01/03/2007,1.15646
Ice Cream,01/04/2007,2.069029
Cheddar,01/04/2007,5.973701
Milk,01/04/2007,1.165422
Cheddar,01/05/2007,6.159531
Ice Cream,01/05/2007,1.975893
Milk,01/05/2007,1.167489
Milk,01/06/2007,1.167803
Cheddar,01/06/2007,6.13553
Ice Cream,01/06/2007,1.914034
Cheddar,01/07/2007,6.151069
Ice Cream,01/07/2007,1.9115
Milk,01/07/2007,1.168393
Ice Cream,01/08/2007,1.90041
Cheddar,01/08/2007,6.094651
Milk,01/08/2007,1.169603
Cheddar,01/09/2007,6.260308
Ice Cream,01/09/2007,1.862031
Milk,01/09/2007,1.317489
Ice Cream,01/10/2007,1.934375
Milk,01/10/2007,1.329432
Cheddar,01/10/2007,6.469922
Ice Cream,01/11/2007,1.970148
Cheddar,01/11/2007,6.684188
Milk,01/11/2007,1.34136
Ice Cream,01/12/2007,1.982707
Milk,01/12/2007,1.338194
Cheddar,01/12/2007,6.891157
Milk,01/01/2008,1.348889
Cheddar,01/01/2008,7.025609
Ice Cream,01/01/2008,2.161532
Cheddar,01/02/2008,7.042666
Milk,01/02/2008,1.340685
Ice Cream,01/02/2008,2.198455
Cheddar,01/03/2008,7.132672
Ice Cream,01/03/2008,2.185214
Milk,01/03/2008,1.339
Cheddar,01/04/2008,7.07432
Milk,01/04/2008,1.34125
Ice Cream,01/04/2008,2.242273
Cheddar,01/05/2008,7.149549
Milk,01/05/2008,1.346816
Ice Cream,01/05/2008,2.229912
Cheddar,01/06/2008,7.31074
Milk,01/06/2008,1.430762
Ice Cream,01/06/2008,2.079508
Milk,01/07/2008,1.436787
Cheddar,01/07/2008,7.474567
Ice Cream,01/07/2008,2.232748
Cheddar,01/08/2008,7.477819
Ice Cream,01/08/2008,2.261008
Milk,01/08/2008,1.421956
Ice Cream,01/09/2008,2.102388
Milk,01/09/2008,1.424622
Cheddar,01/09/2008,7.635789
Ice Cream,01/10/2008,2.252148
Milk,01/10/2008,1.510359
Cheddar,01/10/2008,7.685349
Cheddar,01/11/2008,7.775548
Milk,01/11/2008,1.521289
Ice Cream,01/11/2008,2.17374
Milk,01/12/2008,1.501473
Ice Cream,01/12/2008,2.058824
Cheddar,01/12/2008,7.902985
Cheddar,01/01/2009,7.925286
Milk,01/01/2009,1.500901
Ice Cream,01/01/2009,2.167273
Yoghurt,01/02/2009,0.4906195
Cheddar,01/02/2009,7.899286
Milk,01/02/2009,1.500758
Ice Cream,01/02/2009,2.105
Milk,01/03/2009,1.500094
Ice Cream,01/03/2009,2.29184
Cheddar,01/03/2009,7.993577
Yoghurt,01/03/2009,0.4881102
Milk,01/04/2009,1.501415
Yoghurt,01/04/2009,0.4858915
Cheddar,01/04/2009,7.970719
Ice Cream,01/04/2009,2.180086
Milk,01/05/2009,1.521179
Cheddar,01/05/2009,7.987778
Yoghurt,01/05/2009,0.4920492
Ice Cream,01/05/2009,2.364595
Yoghurt,01/06/2009,0.4911905
Milk,01/06/2009,1.502641
Ice Cream,01/06/2009,2.104825
Cheddar,01/06/2009,7.920368
Cheddar,01/07/2009,7.923284
Ice Cream,01/07/2009,2.196098
Yoghurt,01/07/2009,0.495969
Milk,01/07/2009,1.521571
Yoghurt,01/08/2009,0.498
Milk,01/08/2009,1.518972
Cheddar,01/08/2009,7.878939
Ice Cream,01/08/2009,2.224516
Milk,01/09/2009,1.496215
Ice Cream,01/09/2009,2.259835
Yoghurt,01/09/2009,0.4960902
Cheddar,01/09/2009,7.843333
Ice Cream,01/10/2009,2.297539
Yoghurt,01/10/2009,0.4908265
Cheddar,01/10/2009,7.87559
Milk,01/10/2009,1.495164
Milk,01/11/2009,1.496132
Ice Cream,01/11/2009,2.220333
Yoghurt,01/11/2009,0.4952846
Cheddar,01/11/2009,7.801037
Cheddar,01/12/2009,7.841087
Milk,01/12/2009,1.498744
Yoghurt,01/12/2009,0.5069231
Ice Cream,01/12/2009,2.096667
Milk,01/01/2010,1.473077
Yoghurt,01/01/2010,0.506
Ice Cream,01/01/2010,2.232109
Cheddar,01/01/2010,7.898217
Ice Cream,01/02/2010,2.216549
Cheddar,01/02/2010,7.83377
Milk,01/02/2010,1.475364
Yoghurt,01/02/2010,0.5064912
Cheddar,01/03/2010,7.825333
Yoghurt,01/03/2010,0.4992437
Milk,01/03/2010,1.494454
Ice Cream,01/03/2010,2.155124
Milk,01/04/2010,1.482594
Cheddar,01/04/2010,7.746565
Yoghurt,01/04/2010,0.4932
Ice Cream,01/04/2010,2.20232
Ice Cream,01/05/2010,2.190342
Milk,01/05/2010,1.476793
Yoghurt,01/05/2010,0.49368
Cheddar,01/05/2010,7.758077
Yoghurt,01/06/2010,0.4953125
Milk,01/06/2010,1.479121
Cheddar,01/06/2010,7.705597
Ice Cream,01/06/2010,2.197955
Cheddar,01/07/2010,7.719365
Milk,01/07/2010,1.463207
Yoghurt,01/07/2010,0.5080451
Ice Cream,01/07/2010,2.151791
Yoghurt,01/08/2010,0.5110714
Ice Cream,01/08/2010,2.237591
Cheddar,01/08/2010,7.645426
Milk,01/08/2010,1.44084
Ice Cream,01/09/2010,2.264809
Milk,01/09/2010,1.423648
Cheddar,01/09/2010,7.782612
Yoghurt,01/09/2010,0.5043939
Ice Cream,01/10/2010,2.229127
Milk,01/10/2010,1.33887
Cheddar,01/10/2010,7.841791
Yoghurt,01/10/2010,0.5232331
Milk,01/11/2010,1.347089
Cheddar,01/11/2010,7.772791
Ice Cream,01/11/2010,2.28155
Yoghurt,01/11/2010,0.55048
Milk,01/12/2010,1.454364
Ice Cream,01/12/2010,2.14554
Cheddar,01/12/2010,8.021428
Yoghurt,01/12/2010,0.5611364
Cheddar,01/01/2011,8.007665
Milk,01/01/2011,1.489247
Yoghurt,01/01/2011,0.5546154
Ice Cream,01/01/2011,2.242045
Cheddar,01/02/2011,7.829609
Ice Cream,01/02/2011,2.447742
Yoghurt,01/02/2011,0.5506977
Milk,01/02/2011,1.362469
Milk,01/03/2011,1.303422
Cheddar,01/03/2011,7.805489
Yoghurt,01/03/2011,0.5493233
Ice Cream,01/03/2011,2.386667
Ice Cream,01/04/2011,2.39808
Milk,01/04/2011,1.305958
Cheddar,01/04/2011,7.804286
Yoghurt,01/04/2011,0.5639695
Yoghurt,01/05/2011,0.5621875
Cheddar,01/05/2011,7.695615
Milk,01/05/2011,1.301807
Ice Cream,01/05/2011,2.44232
Ice Cream,01/06/2011,2.405368
Milk,01/06/2011,1.440833
Yoghurt,01/06/2011,0.5500793
Cheddar,01/06/2011,7.802558
Milk,01/07/2011,1.41825
Yoghurt,01/07/2011,0.5557724
Cheddar,01/07/2011,7.905224
Ice Cream,01/07/2011,2.352794
Yoghurt,01/08/2011,0.5581818
Cheddar,01/08/2011,8.12518
Milk,01/08/2011,1.418347
Ice Cream,01/08/2011,2.361176
Yoghurt,01/09/2011,0.5548889
Cheddar,01/09/2011,8.133985
Milk,01/09/2011,1.417178
Ice Cream,01/09/2011,2.519237
Ice Cream,01/10/2011,2.690161
Yoghurt,01/10/2011,0.5598518
Cheddar,01/10/2011,7.84129
Milk,01/10/2011,1.296176
Ice Cream,01/11/2011,2.57568
Milk,01/11/2011,1.285062
Yoghurt,01/11/2011,0.5555147
Cheddar,01/11/2011,8.084015
Yoghurt,01/12/2011,0.5796323
Cheddar,01/12/2011,8.171305
Milk,01/12/2011,1.283512
Ice Cream,01/12/2011,2.60816
Yoghurt,01/01/2012,0.5734587
Milk,01/01/2012,1.237137
Cheddar,01/01/2012,8.148602
Ice Cream,01/01/2012,2.728485
Yoghurt,01/02/2012,0.5681396
Cheddar,01/02/2012,8.124094
Milk,01/02/2012,1.235504
Ice Cream,01/02/2012,2.537868
Ice Cream,01/03/2012,2.588296
Yoghurt,01/03/2012,0.5807857
Milk,01/03/2012,1.230833
Cheddar,01/03/2012,8.094924
Cheddar,01/04/2012,8.141544
Milk,01/04/2012,1.213625
Ice Cream,01/04/2012,2.57
Yoghurt,01/04/2012,0.5732558
Cheddar,01/05/2012,7.966917
Yoghurt,01/05/2012,0.5741667
Ice Cream,01/05/2012,2.512045
Milk,01/05/2012,1.23025
Cheddar,01/06/2012,8.145217
Milk,01/06/2012,1.212083
Ice Cream,01/06/2012,2.434773
Yoghurt,01/06/2012,0.5851799
Milk,01/07/2012,1.205875
Ice Cream,01/07/2012,2.461791
Yoghurt,01/07/2012,0.5823913
Cheddar,01/07/2012,8.163823
Milk,01/08/2012,1.188203
Cheddar,01/08/2012,8.151232
Yoghurt,01/08/2012,0.5918978
Ice Cream,01/08/2012,2.383262
Yoghurt,01/09/2012,0.5883688
Ice Cream,01/09/2012,2.604084
Cheddar,01/09/2012,8.233929
Milk,01/09/2012,1.173693
Yoghurt,01/10/2012,0.5915
Ice Cream,01/10/2012,2.633769
Cheddar,01/10/2012,8.29
Milk,01/10/2012,1.187089
Cheddar,01/11/2012,8.246
Milk,01/11/2012,1.193542
Ice Cream,01/11/2012,2.783969
Yoghurt,01/11/2012,0.5581818
Cheddar,01/12/2012,8.130075
Milk,01/12/2012,1.269038
Yoghurt,01/12/2012,0.5875352
Ice Cream,01/12/2012,2.573796
Cheddar,01/01/2013,8.225928
Ice Cream,01/01/2013,2.751533
Milk,01/01/2013,1.275062
Yoghurt,01/01/2013,0.5965734
Cheddar,01/02/2013,8.131053
Ice Cream,01/02/2013,2.521692
Butter,01/02/2013,2.73653
Milk,01/02/2013,1.282017
Yoghurt,01/02/2013,0.5967626
Yoghurt,01/03/2013,0.601773
Butter,01/03/2013,2.693421
Milk,01/03/2013,1.275165
Cheddar,01/03/2013,8.178849
Ice Cream,01/03/2013,2.559403
Cheddar,01/04/2013,8.211479
Milk,01/04/2013,1.279585
Ice Cream,01/04/2013,2.614702
Butter,01/04/2013,2.836916
Yoghurt,01/04/2013,0.6031159
Butter,01/05/2013,2.77136
Ice Cream,01/05/2013,2.434511
Yoghurt,01/05/2013,0.6068571
Milk,01/05/2013,1.281
Cheddar,01/05/2013,7.9825
Milk,01/06/2013,1.281157
Yoghurt,01/06/2013,0.6070073
Cheddar,01/06/2013,7.993577
Butter,01/06/2013,2.801044
Ice Cream,01/06/2013,2.280602
Milk,01/07/2013,1.289916
Yoghurt,01/07/2013,0.616087
Ice Cream,01/07/2013,2.525373
Butter,01/07/2013,2.716201
Cheddar,01/07/2013,8.098286
Milk,01/08/2013,1.3245
Cheddar,01/08/2013,8.219575
Butter,01/08/2013,2.80587
Yoghurt,01/08/2013,0.6008695
Ice Cream,01/08/2013,2.605643
Butter,01/09/2013,2.812217
Yoghurt,01/09/2013,0.6029323
Cheddar,01/09/2013,8.242518
Milk,01/09/2013,1.310289
Ice Cream,01/09/2013,2.53
Ice Cream,01/10/2013,2.554965
Yoghurt,01/10/2013,0.6106849
Milk,01/10/2013,1.312697
Butter,01/10/2013,2.840727
Cheddar,01/10/2013,8.31979
Yoghurt,01/11/2013,0.6156644
Butter,01/11/2013,2.744846
Cheddar,01/11/2013,8.469784
Ice Cream,01/11/2013,2.546522
Milk,01/11/2013,1.317167
Butter,01/12/2013,2.787401
Cheddar,01/12/2013,8.278507
Ice Cream,01/12/2013,2.380758
Yoghurt,01/12/2013,0.6135252
Milk,01/12/2013,1.324083
Cheddar,01/01/2014,8.411831
Ice Cream,01/01/2014,2.760515
Butter,01/01/2014,2.807031
Yoghurt,01/01/2014,0.6252083
Milk,01/01/2014,1.351203
Cheddar,01/02/2014,8.468148
Butter,01/02/2014,3.077149
Ice Cream,01/02/2014,2.393435
Milk,01/02/2014,1.352863
Yoghurt,01/02/2014,0.6181751
Cheddar,01/03/2014,8.659854
Ice Cream,01/03/2014,2.682769
Yoghurt,01/03/2014,0.6233823
Milk,01/03/2014,1.231083
Butter,01/03/2014,3.035537
Milk,01/04/2014,1.220966
Yoghurt,01/04/2014,0.6184328
Butter,01/04/2014,2.989739
Cheddar,01/04/2014,8.666544
Ice Cream,01/04/2014,2.352553
Yoghurt,01/05/2014,0.6262857
Ice Cream,01/05/2014,2.491397
Milk,01/05/2014,1.216042
Cheddar,01/05/2014,8.620074
Butter,01/05/2014,2.990129
Cheddar,01/06/2014,8.644088
Yoghurt,01/06/2014,0.6307194
Butter,01/06/2014,3.048485
Ice Cream,01/06/2014,2.557266
Milk,01/06/2014,1.216736
Ice Cream,01/07/2014,2.426642
Cheddar,01/07/2014,8.622695
Butter,01/07/2014,3.013462
Milk,01/07/2014,1.217741
Yoghurt,01/07/2014,0.612
Ice Cream,01/08/2014,2.567
Yoghurt,01/08/2014,0.6157554
Cheddar,01/08/2014,8.683333
Milk,01/08/2014,1.211339
Butter,01/08/2014,3.008
Butter,01/09/2014,2.964596
Yoghurt,01/09/2014,0.6219718
Cheddar,01/09/2014,8.636993
Ice Cream,01/09/2014,2.463597
Milk,01/09/2014,1.140295
Butter,01/10/2014,3.036352
Ice Cream,01/10/2014,2.334341
Milk,01/10/2014,1.166875
Cheddar,01/10/2014,8.368298
Yoghurt,01/10/2014,0.6140441
Butter,01/11/2014,2.950213
Milk,01/11/2014,1.166933
Ice Cream,01/11/2014,2.647308
Cheddar,01/11/2014,8.614285
Yoghurt,01/11/2014,0.6130435
Ice Cream,01/12/2014,2.428919
Milk,01/12/2014,1.152152
Yoghurt,01/12/2014,0.6143885
Butter,01/12/2014,3.042936
Cheddar,01/12/2014,8.583
Yoghurt,01/01/2015,0.6131111
Milk,01/01/2015,1.142929
Ice Cream,01/01/2015,2.554769
Butter,01/01/2015,2.901515
Cheddar,01/01/2015,8.395789
Cheddar,01/02/2015,8.161777
Milk,01/02/2015,1.12384
Butter,01/02/2015,2.94177
Yoghurt,01/02/2015,0.622803
Ice Cream,01/02/2015,2.526667
Milk,01/03/2015,1.128506
Ice Cream,01/03/2015,2.554296
Cheddar,01/03/2015,8.47781
Yoghurt,01/03/2015,0.6206569
Butter,01/03/2015,2.845065
Milk,01/04/2015,1.122172
Butter,01/04/2015,2.94308
Yoghurt,01/04/2015,0.619527
Cheddar,01/04/2015,8.344718
Ice Cream,01/04/2015,2.602214
Yoghurt,01/05/2015,0.6314788
Butter,01/05/2015,3.098067
Milk,01/05/2015,1.123293
Cheddar,01/05/2015,8.16
Ice Cream,01/05/2015,2.627045
Cheddar,01/06/2015,8.432993
Ice Cream,01/06/2015,2.408657
Butter,01/06/2015,2.946907
Yoghurt,01/06/2015,0.6369504
Milk,01/06/2015,1.107869
Yoghurt,01/07/2015,0.6400725
Ice Cream,01/07/2015,2.385
Butter,01/07/2015,2.882059
Cheddar,01/07/2015,8.378803
Milk,01/07/2015,1.110327
Yoghurt,01/08/2015,0.6431206
Ice Cream,01/08/2015,2.541825
Milk,01/08/2015,1.102716
Butter,01/08/2015,2.948517
Cheddar,01/08/2015,8.157467
Ice Cream,01/09/2015,2.432324
Cheddar,01/09/2015,8.084126
Yoghurt,01/09/2015,0.6509524
Butter,01/09/2015,3.004477
Milk,01/09/2015,1.107427
Yoghurt,01/10/2015,0.6378169
Cheddar,01/10/2015,8.109846
Butter,01/10/2015,2.717215
Ice Cream,01/10/2015,2.368794
Milk,01/10/2015,1.108238
Cheddar,01/11/2015,8.10736
Yoghurt,01/11/2015,0.6321583
Ice Cream,01/11/2015,2.510769
Butter,01/11/2015,3.012134
Milk,01/11/2015,1.115772
Milk,01/12/2015,1.118653
Cheddar,01/12/2015,8.145373
Butter,01/12/2015,2.990917
Ice Cream,01/12/2015,2.362911
Yoghurt,01/12/2015,0.6338732
Yoghurt,01/01/2016,0.644069
Cheddar,01/01/2016,8.124825
Ice Cream,01/01/2016,2.475839
Butter,01/01/2016,2.821102
Milk,01/01/2016,1.117317
Butter,01/02/2016,2.910388
Yoghurt,01/02/2016,0.6339456
Ice Cream,01/02/2016,2.401241
Cheddar,01/02/2016,7.828581
Milk,01/02/2016,1.113074
Butter,01/03/2016,2.795823
Milk,01/03/2016,1.107705
Yoghurt,01/03/2016,0.6313908
Cheddar,01/03/2016,7.960833
Ice Cream,01/03/2016,2.410786
Ice Cream,01/04/2016,2.264307
Cheddar,01/04/2016,7.893809
Yoghurt,01/04/2016,0.6086765
Butter,01/04/2016,2.868833
Milk,01/04/2016,1.107877
Cheddar,01/05/2016,7.996596
Yoghurt,01/05/2016,0.6312245
Ice Cream,01/05/2016,2.389058
Milk,01/05/2016,1.109714
Butter,01/05/2016,2.865504
Cheddar,01/06/2016,7.936454
Butter,01/06/2016,2.761949
Milk,01/06/2016,1.121612
Ice Cream,01/06/2016,2.432536
Yoghurt,01/06/2016,0.6187592
Cheddar,01/07/2016,7.832958
Milk,01/07/2016,1.121446
Ice Cream,01/07/2016,2.326963
Butter,01/07/2016,2.786176
Yoghurt,01/07/2016,0.6177698
Yoghurt,01/08/2016,0.6166667
Ice Cream,01/08/2016,2.375315
Butter,01/08/2016,2.742255
Cheddar,01/08/2016,7.755611
Milk,01/08/2016,1.119792
Butter,01/09/2016,2.706667
Milk,01/09/2016,1.120166
Cheddar,01/09/2016,7.454375
Ice Cream,01/09/2016,2.262837
Yoghurt,01/09/2016,0.6033334
Cheddar,01/10/2016,7.573125
Ice Cream,01/10/2016,2.508857
Butter,01/10/2016,2.703554
Milk,01/10/2016,1.116763
Yoghurt,01/10/2016,0.6011972
Butter,01/11/2016,2.782857
Cheddar,01/11/2016,7.493404
Milk,01/11/2016,1.127284
Yoghurt,01/11/2016,0.6102817
Ice Cream,01/11/2016,2.385113
Milk,01/12/2016,1.128471
Cheddar,01/12/2016,7.493521
Ice Cream,01/12/2016,2.134148
Butter,01/12/2016,2.838861
Yoghurt,01/12/2016,0.6088653
Yoghurt,01/01/2017,0.6035461
Butter,01/01/2017,2.916219
Milk,01/01/2017,1.130288
Cheddar,01/01/2017,7.618732
Ice Cream,01/01/2017,2.391214
Milk,01/02/2017,1.124918
Ice Cream,01/02/2017,2.433885
Yoghurt,01/02/2017,0.6081295
Butter,01/02/2017,2.83105
Cheddar,01/02/2017,7.744671
Yoghurt,01/03/2017,0.5962963
Milk,01/03/2017,1.117714
Cheddar,01/03/2017,7.956028
Butter,01/03/2017,2.821297
Ice Cream,01/03/2017,2.477338
Butter,01/04/2017,2.762645
Cheddar,01/04/2017,7.768591
Milk,01/04/2017,1.117078
Ice Cream,01/04/2017,2.315362
Yoghurt,01/04/2017,0.6134014
Milk,01/05/2017,1.127388
Yoghurt,01/05/2017,0.6234722
Butter,01/05/2017,2.782025
Ice Cream,01/05/2017,2.472206
Cheddar,01/05/2017,7.714786
Ice Cream,01/06/2017,2.401655
Yoghurt,01/06/2017,0.6348572
Milk,01/06/2017,1.122839
Butter,01/06/2017,2.843652
Cheddar,01/06/2017,7.738944
Cheddar,01/07/2017,7.748392
Butter,01/07/2017,2.784792
Ice Cream,01/07/2017,2.387299
Milk,01/07/2017,1.124163
Yoghurt,01/07/2017,0.6279021
Yoghurt,01/08/2017,0.6330769
Milk,01/08/2017,1.118589
Cheddar,01/08/2017,7.782207
Ice Cream,01/08/2017,2.419786
Butter,01/08/2017,2.840042
Yoghurt,01/09/2017,0.628662
Cheddar,01/09/2017,7.920417
Ice Cream,01/09/2017,2.445422
Milk,01/09/2017,1.121743
Butter,01/09/2017,3.005063
Ice Cream,01/10/2017,2.419231
Milk,01/10/2017,1.121901
Yoghurt,01/10/2017,0.6288356
Cheddar,01/10/2017,7.952797
Butter,01/10/2017,3.129198
Yoghurt,01/11/2017,0.6249306
Milk,01/11/2017,1.122542
Butter,01/11/2017,3.24614
Cheddar,01/11/2017,8.031
Ice Cream,01/11/2017,2.51637
Yoghurt,01/12/2017,0.6321898
Ice Cream,01/12/2017,2.403427
Butter,01/12/2017,3.252218
Cheddar,01/12/2017,7.886667
Milk,01/12/2017,1.188917
Milk,01/01/2018,1.194691
Cheddar,01/01/2018,7.943836
Butter,01/01/2018,3.123708
Yoghurt,01/01/2018,0.6279578
Ice Cream,01/01/2018,2.576901
Milk,01/02/2018,1.187303
Butter,01/02/2018,3.154635
Ice Cream,01/02/2018,2.462158
Yoghurt,01/02/2018,0.6076642
Cheddar,01/02/2018,7.832621
Butter,01/03/2018,3.14789
Cheddar,01/03/2018,7.658633
Yoghurt,01/03/2018,0.6117857
Milk,01/03/2018,1.20235
Ice Cream,01/03/2018,2.496391
Milk,01/04/2018,1.189755
Yoghurt,01/04/2018,0.6126531
Butter,01/04/2018,3.095353
Cheddar,01/04/2018,7.702684
Ice Cream,01/04/2018,2.504745
Cheddar,01/05/2018,7.685503
Yoghurt,01/05/2018,0.6044595
Butter,01/05/2018,3.237721
Ice Cream,01/05/2018,2.232537
Milk,01/05/2018,1.192122
Yoghurt,01/06/2018,0.5662937
Cheddar,01/06/2018,7.805385
Milk,01/06/2018,1.191184
Butter,01/06/2018,3.101289
Ice Cream,01/06/2018,2.43163
Milk,01/07/2018,1.190123
Yoghurt,01/07/2018,0.609726
Cheddar,01/07/2018,7.737391
Ice Cream,01/07/2018,2.39375
Butter,01/07/2018,3.286581
Butter,01/08/2018,3.278983
Ice Cream,01/08/2018,2.469648
Milk,01/08/2018,1.192939
Yoghurt,01/08/2018,0.6045946
Cheddar,01/08/2018,7.850588
Ice Cream,01/09/2018,2.458162
Butter,01/09/2018,3.188383
Cheddar,01/09/2018,7.952785
Milk,01/09/2018,1.195
Yoghurt,01/09/2018,0.5995172
Yoghurt,01/10/2018,0.6102797
Cheddar,01/10/2018,7.866643
Butter,01/10/2018,3.247269
Milk,01/10/2018,1.193592
Ice Cream,01/10/2018,2.428116
Ice Cream,01/11/2018,2.53637
Milk,01/11/2018,1.194713
Butter,01/11/2018,3.064788
Yoghurt,01/11/2018,0.6148936
Cheddar,01/11/2018,7.752754
Milk,01/12/2018,1.194315
Cheddar,01/12/2018,7.762867
Yoghurt,01/12/2018,0.5950781
Ice Cream,01/12/2018,2.446154
Butter,01/12/2018,3.285485
Ice Cream,01/01/2019,2.66953
Cheddar,01/01/2019,7.809014
Milk,01/01/2019,1.213388
Butter,01/01/2019,3.287004
Yoghurt,01/01/2019,0.6116552
Ice Cream,01/02/2019,2.594354
Yoghurt,01/02/2019,0.603669
Butter,01/02/2019,3.332511
Cheddar,01/02/2019,7.61774
Milk,01/02/2019,1.206307
Cheddar,01/03/2019,7.595879
Butter,01/03/2019,3.177542
Yoghurt,01/03/2019,0.6015173
Milk,01/03/2019,1.201265
Ice Cream,01/03/2019,2.520068
Milk,01/04/2019,1.19
Cheddar,01/04/2019,7.622857
Butter,01/04/2019,3.196008
Ice Cream,01/04/2019,2.436574
Yoghurt,01/04/2019,0.5981379
Butter,01/05/2019,3.14963
Yoghurt,01/05/2019,0.6053472
Ice Cream,01/05/2019,2.623286
Milk,01/05/2019,1.187851
Cheddar,01/05/2019,7.669324
Ice Cream,01/06/2019,2.363546
Butter,01/06/2019,3.257689
Cheddar,01/06/2019,7.503108
Yoghurt,01/06/2019,0.6099275
Milk,01/06/2019,1.18781
Yoghurt,01/07/2019,0.6023358
Milk,01/07/2019,1.189712
Cheddar,01/07/2019,7.645734
Butter,01/07/2019,3.220372
Ice Cream,01/07/2019,2.403873
Milk,01/08/2019,1.189713
Yoghurt,01/08/2019,0.6090278
Cheddar,01/08/2019,7.647643
Ice Cream,01/08/2019,2.624615
Butter,01/08/2019,3.07107
Ice Cream,01/09/2019,2.646
Milk,01/09/2019,1.18
Cheddar,01/09/2019,7.31617
Yoghurt,01/09/2019,0.6155
Butter,01/09/2019,3.107254
Cheddar,01/10/2019,7.463931
Ice Cream,01/10/2019,2.511479
Yoghurt,01/10/2019,0.623007
Milk,01/10/2019,1.181852
Butter,01/10/2019,3.181736
Cheddar,01/11/2019,7.422979
Milk,01/11/2019,1.187531
Ice Cream,01/11/2019,2.609071
Yoghurt,01/11/2019,0.6278169
Butter,01/11/2019,3.082963
Ice Cream,01/12/2019,2.49237
Yoghurt,01/12/2019,0.6227819
Butter,01/12/2019,3.168755
Milk,01/12/2019,1.199269
Cheddar,01/12/2019,7.487931
Butter,01/01/2020,3.060954
Yoghurt,01/01/2020,0.633
Cheddar,01/01/2020,7.518027
Milk,01/01/2020,1.201081
Ice Cream,01/01/2020,2.783969
Ice Cream,01/02/2020,2.710709
Cheddar,01/02/2020,7.44589
Butter,01/02/2020,3.062083
Yoghurt,01/02/2020,0.6229078
Milk,01/02/2020,1.199543
Ice Cream,01/03/2020,2.749328
Cheddar,01/03/2020,7.427344
Butter,01/03/2020,3.155642
Yoghurt,01/03/2020,0.6345517
Milk,01/03/2020,1.187655
Butter,01/04/2020,3.282512
Cheddar,01/04/2020,7.428514
Ice Cream,01/04/2020,2.542294
Yoghurt,01/04/2020,0.6291765
Milk,01/04/2020,1.205174
Ice Cream,01/05/2020,2.475714
Butter,01/05/2020,3.239087
Cheddar,01/05/2020,7.180215
Milk,01/05/2020,1.19819
Yoghurt,01/05/2020,0.61
Cheddar,01/06/2020,7.239917
Butter,01/06/2020,3.077342
Milk,01/06/2020,1.197867
Ice Cream,01/06/2020,2.514806
Yoghurt,01/06/2020,0.6336135
Milk,01/07/2020,1.196195
Cheddar,01/07/2020,6.994758
Yoghurt,01/07/2020,0.6448
Butter,01/07/2020,3.210536
Ice Cream,01/07/2020,2.769491
Yoghurt,01/08/2020,0.6033858
Butter,01/08/2020,3.043991
Ice Cream,01/08/2020,2.589044
Milk,01/08/2020,1.190932
Cheddar,01/08/2020,7.240391
Butter,01/09/2020,3.115216
Cheddar,01/09/2020,6.863037
Milk,01/09/2020,1.191037
Ice Cream,01/09/2020,2.619496
Yoghurt,01/09/2020,0.6069697
Cheddar,01/10/2020,6.957463
Milk,01/10/2020,1.190209
Ice Cream,01/10/2020,2.398
Yoghurt,01/10/2020,0.620229
Butter,01/10/2020,3.013448
Cheddar,01/11/2020,6.905125
Butter,01/11/2020,2.804451
Ice Cream,01/11/2020,2.283163
Yoghurt,01/11/2020,0.6348718
Milk,01/11/2020,1.208404
Ice Cream,01/12/2020,2.153107
Butter,01/12/2020,3.052275
Milk,01/12/2020,1.20466
Yoghurt,01/12/2020,0.6343902
Cheddar,01/12/2020,6.932048
Milk,01/01/2021,1.200478
Butter,01/01/2021,3.149417
Cheddar,01/01/2021,6.771415
Yoghurt,01/01/2021,0.626036
Ice Cream,01/01/2021,2.563496
Milk,01/02/2021,1.20335
Cheddar,01/02/2021,6.580727
Ice Cream,01/02/2021,2.394874
Yoghurt,01/02/2021,0.6306364
Butter,01/02/2021,3.114783
Cheddar,01/03/2021,6.920615
Yoghurt,01/03/2021,0.6379527
Milk,01/03/2021,1.198889
Ice Cream,01/03/2021,2.404553
Butter,01/03/2021,3.270794
Yoghurt,01/04/2021,0.6353968
Ice Cream,01/04/2021,2.454222
Cheddar,01/04/2021,6.89084
Butter,01/04/2021,3.105117
Milk,01/04/2021,1.222588
Yoghurt,01/05/2021,0.6444117
Cheddar,01/05/2021,6.963627
Ice Cream,01/05/2021,2.371391
Butter,01/05/2021,3.193598
Milk,01/05/2021,1.241866
Butter,01/06/2021,3.087009
Milk,01/06/2021,1.24162
Cheddar,01/06/2021,6.784224
Yoghurt,01/06/2021,0.5833043
Ice Cream,01/06/2021,2.475935
Cheddar,01/07/2021,6.60772
Ice Cream,01/07/2021,2.463521
Butter,01/07/2021,3.098553
Milk,01/07/2021,1.215868
Yoghurt,01/07/2021,0.615
Ice Cream,01/08/2021,2.539041
Butter,01/08/2021,3.043485
Cheddar,01/08/2021,6.606429
Yoghurt,01/08/2021,0.5946032
Milk,01/08/2021,1.242798
Milk,01/09/2021,1.231
Ice Cream,01/09/2021,2.617083
Yoghurt,01/09/2021,0.6134043
Butter,01/09/2021,3.103787
Cheddar,01/09/2021,6.602448
Milk,01/10/2021,1.26675
Butter,01/10/2021,3.197203
Yoghurt,01/10/2021,0.6235036
Ice Cream,01/10/2021,2.496268
Cheddar,01/10/2021,6.612
Butter,01/11/2021,3.236638
Ice Cream,01/11/2021,2.706846
Milk,01/11/2021,1.281037
Yoghurt,01/11/2021,0.6235461
Cheddar,01/11/2021,6.506294
Yoghurt,01/12/2021,0.6203704
Butter,01/12/2021,3.286428
Cheddar,01/12/2021,6.37625
Milk,01/12/2021,1.289667
Ice Cream,01/12/2021,2.569308
Butter,01/01/2022,3.219542
Yoghurt,01/01/2022,0.6319858
Milk,01/01/2022,1.295774
Cheddar,01/01/2022,6.572574
Ice Cream,01/01/2022,2.753333
Milk,01/02/2022,1.321745
Yoghurt,01/02/2022,0.6432847
Ice Cream,01/02/2022,2.729141
Cheddar,01/02/2022,6.638955
Butter,01/02/2022,3.217702
Yoghurt,01/03/2022,0.6332414
Butter,01/03/2022,3.530458
Cheddar,01/03/2022,6.631449
Ice Cream,01/03/2022,2.63736
Milk,01/03/2022,1.29175
Milk,01/04/2022,1.347983
Ice Cream,01/04/2022,2.67856
Cheddar,01/04/2022,6.855987
Butter,01/04/2022,3.42376
Yoghurt,01/04/2022,0.6604861
Cheddar,01/05/2022,7.135926
Ice Cream,01/05/2022,2.695397
Butter,01/05/2022,3.536597
Yoghurt,01/05/2022,0.6485915
Milk,01/05/2022,1.385164
Ice Cream,01/06/2022,2.686083
Milk,01/06/2022,1.42719
Yoghurt,01/06/2022,0.6789051
Cheddar,01/06/2022,7.512692
Butter,01/06/2022,3.818889
Ice Cream,01/07/2022,2.839779
Butter,01/07/2022,3.99144
Milk,01/07/2022,1.538625
Cheddar,01/07/2022,7.78344
Yoghurt,01/07/2022,0.679313
Ice Cream,01/08/2022,2.834341
Milk,01/08/2022,1.580289
Cheddar,01/08/2022,8.018077
Yoghurt,01/08/2022,0.7010606
Butter,01/08/2022,3.979247
Milk,01/09/2022,1.583042
Ice Cream,01/09/2022,3.055408
Butter,01/09/2022,3.950531
Yoghurt,01/09/2022,0.7255797
Cheddar,01/09/2022,8.339497
Yoghurt,01/10/2022,0.7669784
Ice Cream,01/10/2022,2.972086
Cheddar,01/10/2022,8.751928
Butter,01/10/2022,4.037676
Milk,01/10/2022,1.655792
Butter,01/11/2022,4.02038
Cheddar,01/11/2022,8.752593
Yoghurt,01/11/2022,0.7781482
Milk,01/11/2022,1.694641
Ice Cream,01/11/2022,2.901531
